barcodes,scrublet_doublet_scores,scrublet_predicted_doublet
AAACCTGAGCTCCTCT-1,0.055,False
AAACCTGGTACTCGCG-1,0.058,False
AAACCTGGTCAGAAGC-1,0.028,False
AAACCTGGTGCAGGTA-1,0.152,False
AAACCTGTCGAACTGT-1,0.247,False
AAACCTGTCTGGAGCC-1,0.067,False
AAACGGGCAATCGAAA-1,0.11,False
AAACGGGGTAGCAAAT-1,0.273,False
AAAGATGGTAGCGTAG-1,0.023,False
AAAGATGTCGAACGGA-1,0.11,False
AAAGCAAAGAAGGTGA-1,0.273,False
AAAGCAAAGGCGCTCT-1,0.164,False
AAAGCAACATAGACTC-1,0.055,False
AAAGCAACATGGTCTA-1,0.191,False
AAAGTAGCAGTAAGAT-1,0.016,False
AAAGTAGCATTGGGCC-1,0.083,False
AAAGTAGGTAATCACC-1,0.142,False
AAAGTAGGTGTGCCTG-1,0.164,False
AAAGTAGTCTGTCTAT-1,0.142,False
AAATGCCAGACTCGGA-1,0.075,False
AAATGCCCACTTCTGC-1,0.058,False
AAATGCCGTCTCCACT-1,0.043,False
AAATGCCTCGCCAGCA-1,0.043,False
AAATGCCTCGGTGTCG-1,0.125,False
AACACGTAGTAGCCGA-1,0.071,False
AACACGTTCGGAAATA-1,0.104,False
AACACGTTCGTCTGAA-1,0.191,False
AACCATGAGTTAACGA-1,0.035,False
AACCATGCACGAAACG-1,0.075,False
AACCATGCAGTGAGTG-1,0.133,False
AACCATGCATTACCTT-1,0.385,False
AACCATGGTATATGGA-1,0.093,False
AACCATGGTCTCTTAT-1,0.226,False
AACCATGGTTCCAACA-1,0.133,False
AACCATGGTTGTTTGG-1,0.017,False
AACCATGGTTTACTCT-1,0.117,False
AACCATGTCCTTCAAT-1,0.024,False
AACCATGTCTCTGTCG-1,0.104,False
AACCGCGCACCGGAAA-1,0.064,False
AACCGCGCAGGACCCT-1,0.11,False
AACGTTGAGTGCCAGA-1,0.05,False
AACGTTGCAGCCACCA-1,0.079,False
AACGTTGGTACAGCAG-1,0.273,False
AACGTTGGTTTACTCT-1,0.052,False
AACGTTGTCTTGTACT-1,0.152,False
AACTCAGCATGCATGT-1,0.11,False
AACTCAGGTAAGAGAG-1,0.088,False
AACTCAGGTTAAAGTG-1,0.133,False
AACTCAGGTTACGTCA-1,0.075,False
AACTCAGTCACGACTA-1,0.022,False
AACTCAGTCTAACTGG-1,0.079,False
AACTCAGTCTCAACTT-1,0.045,False
AACTCCCAGCCGATTT-1,0.026,False
AACTCCCGTGCAACTT-1,0.047,False
AACTCTTAGTCGCCGT-1,0.083,False
AACTCTTCACAAGTAA-1,0.075,False
AACTCTTCATAGTAAG-1,0.058,False
AACTCTTTCAAACCAC-1,0.075,False
AACTCTTTCCGTAGGC-1,0.067,False
AACTGGTAGACAGAGA-1,0.093,False
AACTGGTGTATGAAAC-1,0.093,False
AACTGGTGTTCAGACT-1,0.008,False
AACTGGTTCAACCAAC-1,0.071,False
AACTTTCAGGAGCGAG-1,0.055,False
AACTTTCCACTAGTAC-1,0.071,False
AAGACCTAGACCTAGG-1,0.176,False
AAGACCTGTCCGTTAA-1,0.191,False
AAGACCTTCTGAGTGT-1,0.028,False
AAGCCGCAGCTAAGAT-1,0.052,False
AAGCCGCCACCCAGTG-1,0.088,False
AAGCCGCGTGCAGTAG-1,0.191,False
AAGCCGCGTGCGATAG-1,0.142,False
AAGCCGCGTTCCAACA-1,0.028,False
AAGCCGCTCAAGATCC-1,0.055,False
AAGGAGCCAGCATGAG-1,0.104,False
AAGGAGCGTAGGGACT-1,0.055,False
AAGGCAGCATGTCTCC-1,0.088,False
AAGGCAGGTAGCGCAA-1,0.041,False
AAGGCAGTCTATCCTA-1,0.098,False
AAGGTTCCATAGTAAG-1,0.133,False
AAGGTTCGTCTAAAGA-1,0.164,False
AAGGTTCTCAACACGT-1,0.064,False
AAGTCTGAGGCAGTCA-1,0.05,False
AAGTCTGTCGAATGGG-1,0.093,False
AATCCAGAGCTGCAAG-1,0.03,False
AATCCAGCACCTGGTG-1,0.164,False
AATCCAGCAGCCTGTG-1,0.117,False
AATCCAGGTACTTGAC-1,0.142,False
AATCCAGTCAGCCTAA-1,0.028,False
AATCCAGTCATGTCTT-1,0.071,False
AATCGGTAGAATAGGG-1,0.018,False
AATCGGTCAAGTAATG-1,0.037,False
AATCGGTCACACCGCA-1,0.045,False
AATCGGTTCATCTGTT-1,0.247,False
ACACCAAGTAGCTAAA-1,0.093,False
ACACCAAGTGTGAATA-1,0.067,False
ACACCAAGTTGATTGC-1,0.055,False
ACACCAAGTTTAGGAA-1,0.273,False
ACACCCTAGATATACG-1,0.045,False
ACACCCTAGCAAATCA-1,0.083,False
ACACCCTCAGTTCCCT-1,0.067,False
ACACCCTCATTGCGGC-1,0.03,False
ACACCCTGTGGAAAGA-1,0.117,False
ACACCCTTCCAAGTAC-1,0.088,False
ACACCCTTCCAGATCA-1,0.064,False
ACACCCTTCTTGACGA-1,0.152,False
ACACCGGAGATGCCTT-1,0.247,False
ACACCGGCATCGATTG-1,0.079,False
ACACCGGGTTTGACAC-1,0.125,False
ACACCGGTCACCCGAG-1,0.043,False
ACACCGGTCCACGTTC-1,0.133,False
ACACTGAAGGAATTAC-1,0.064,False
ACACTGACAAGTAATG-1,0.067,False
ACACTGACACCTGGTG-1,0.104,False
ACACTGACAGTACACT-1,0.088,False
ACACTGAGTATGAAAC-1,0.117,False
ACACTGAGTCTCACCT-1,0.075,False
ACACTGAGTGGCTCCA-1,0.061,False
ACACTGAGTGGTGTAG-1,0.033,False
ACACTGATCATAAAGG-1,0.083,False
ACAGCCGAGAAGGCCT-1,0.055,False
ACAGCCGAGACGCACA-1,0.043,False
ACAGCCGAGAGTACCG-1,0.093,False
ACAGCCGAGGCTACGA-1,0.055,False
ACAGCCGAGGGAGTAA-1,0.061,False
ACAGCCGAGTTGAGAT-1,0.152,False
ACAGCCGGTCAGGACA-1,0.273,False
ACAGCCGGTGATGTCT-1,0.117,False
ACAGCTAAGATGTCGG-1,0.027,False
ACAGCTAAGCTGGAAC-1,0.125,False
ACAGCTACACAACGCC-1,0.061,False
ACAGCTACACAGGAGT-1,0.11,False
ACAGCTATCCAACCAA-1,0.191,False
ACAGCTATCCGCAGTG-1,0.041,False
ACATACGTCCTTAATC-1,0.083,False
ACATACGTCTCGCTTG-1,0.055,False
ACATCAGAGAGCTGGT-1,0.176,False
ACATCAGAGTATCTCG-1,0.061,False
ACATCAGAGTCGAGTG-1,0.05,False
ACATCAGGTCGTGGCT-1,0.093,False
ACATCAGGTCTAGCCG-1,0.164,False
ACATCAGTCGTGGGAA-1,0.083,False
ACATGGTAGCTACCGC-1,0.164,False
ACATGGTCAGGGTTAG-1,0.273,False
ACATGGTTCCAGTATG-1,0.061,False
ACCAGTAAGACTACAA-1,0.104,False
ACCAGTAAGGAGTCTG-1,0.045,False
ACCAGTAAGGAGTTTA-1,0.03,False
ACCAGTACAGATGGGT-1,0.191,False
ACCAGTACAGGCAGTA-1,0.191,False
ACCAGTACATGACATC-1,0.083,False
ACCAGTATCGGAAATA-1,0.064,False
ACCCACTAGAGGTTAT-1,0.058,False
ACCCACTAGATAGTCA-1,0.071,False
ACCCACTAGCTCTCGG-1,0.117,False
ACCCACTAGTATGACA-1,0.133,False
ACCCACTCAATCACAC-1,0.104,False
ACCCACTGTCTCCCTA-1,0.079,False
ACCCACTGTTCCGTCT-1,0.11,False
ACCGTAAAGCGTGAAC-1,0.071,False
ACCGTAAGTCTAGGTT-1,0.023,False
ACCGTAATCAATAAGG-1,0.05,False
ACCTTTACAAGCTGGA-1,0.035,False
ACCTTTATCAGCGACC-1,0.043,False
ACCTTTATCTCAACTT-1,0.088,False
ACGAGCCAGCAGGCTA-1,0.055,False
ACGAGCCCAGGTGGAT-1,0.032,False
ACGAGGAAGCCACGTC-1,0.05,False
ACGAGGAAGCTAAGAT-1,0.303,False
ACGAGGAAGGATCGCA-1,0.164,False
ACGAGGACAAGCGTAG-1,0.039,False
ACGAGGACAGCTGCTG-1,0.079,False
ACGAGGAGTATCAGTC-1,0.088,False
ACGAGGAGTGACGCCT-1,0.023,False
ACGATACCACATTTCT-1,0.017,False
ACGATACCACGAAATA-1,0.303,False
ACGATACCATGAGCGA-1,0.079,False
ACGATACTCCAAGTAC-1,0.247,False
ACGATACTCCGTAGTA-1,0.152,False
ACGATACTCCTTCAAT-1,0.039,False
ACGATACTCTCGAGTA-1,0.058,False
ACGATGTAGATAGCAT-1,0.075,False
ACGATGTAGCTTCGCG-1,0.079,False
ACGATGTGTCCGACGT-1,0.064,False
ACGATGTGTGAGGCTA-1,0.273,False
ACGATGTGTGGTACAG-1,0.067,False
ACGATGTGTGTGAAAT-1,0.164,False
ACGATGTGTTGCGCAC-1,0.039,False
ACGCAGCAGTCATCCA-1,0.079,False
ACGCAGCCAAATCCGT-1,0.11,False
ACGCAGCCAATCGGTT-1,0.11,False
ACGCAGCGTGGACGAT-1,0.098,False
ACGCCAGGTACTCGCG-1,0.083,False
ACGCCAGTCAGTTAGC-1,0.125,False
ACGCCAGTCCCTTGCA-1,0.098,False
ACGCCAGTCTACCAGA-1,0.133,False
ACGCCGAAGCACAGGT-1,0.11,False
ACGCCGAAGCCCAACC-1,0.071,False
ACGCCGACACGACGAA-1,0.098,False
ACGCCGAGTAACGTTC-1,0.024,False
ACGCCGAGTGACGCCT-1,0.133,False
ACGCCGATCATCACCC-1,0.273,False
ACGCCGATCGAGCCCA-1,0.226,False
ACGGAGAAGAGTACCG-1,0.098,False
ACGGAGACAAGTTAAG-1,0.226,False
ACGGAGACACGAGGTA-1,0.022,False
ACGGAGACATATGGTC-1,0.176,False
ACGGAGAGTACAGACG-1,0.039,False
ACGGCCAAGAGTACAT-1,0.064,False
ACGGCCAAGATATACG-1,0.164,False
ACGGCCAAGTGTTGAA-1,0.075,False
ACGGCCACACGTCTCT-1,0.015,False
ACGGCCAGTACCGGCT-1,0.018,False
ACGGCCAGTCGGCTCA-1,0.05,False
ACGGCCATCCTAGAAC-1,0.058,False
ACGGCCATCCTTGCCA-1,0.035,False
ACGGGCTAGAGCTATA-1,0.133,False
ACGGGCTAGGGATACC-1,0.064,False
ACGGGCTCAGGCTCAC-1,0.088,False
ACGGGCTCAGTTTACG-1,0.079,False
ACGGGCTGTGACTCAT-1,0.039,False
ACGGGCTTCACTTATC-1,0.075,False
ACGGGCTTCAGAAATG-1,0.152,False
ACGGGCTTCCGAATGT-1,0.11,False
ACGGGTCAGATAGCAT-1,0.133,False
ACGGGTCAGGCGATAC-1,0.039,False
ACGGGTCCAAAGGAAG-1,0.117,False
ACGGGTCGTCAACTGT-1,0.226,False
ACGGGTCTCACCGTAA-1,0.041,False
ACGGGTCTCTGAAAGA-1,0.104,False
ACGTCAACAATAGAGT-1,0.047,False
ACGTCAACATGCAATC-1,0.191,False
ACGTCAAGTACTCAAC-1,0.125,False
ACGTCAAGTCAGATAA-1,0.104,False
ACGTCAAGTCGGGTCT-1,0.083,False
ACGTCAATCCACGAAT-1,0.024,False
ACGTCAATCTTAACCT-1,0.05,False
ACTATCTAGCTAAGAT-1,0.052,False
ACTATCTAGGGTGTGT-1,0.047,False
ACTATCTCAGCCTTTC-1,0.152,False
ACTATCTGTAGTACCT-1,0.067,False
ACTATCTGTATGCTTG-1,0.033,False
ACTATCTGTGATAAAC-1,0.098,False
ACTGAACAGTGTGAAT-1,0.052,False
ACTGAACGTATGGTTC-1,0.207,False
ACTGAACTCACTCCTG-1,0.152,False
ACTGAACTCTAAGCCA-1,0.142,False
ACTGAGTAGATGTTAG-1,0.058,False
ACTGAGTCACTATCTT-1,0.079,False
ACTGAGTCACTGTTAG-1,0.125,False
ACTGAGTCACTTACGA-1,0.191,False
ACTGAGTGTGATGTCT-1,0.117,False
ACTGAGTGTTAGGGTG-1,0.191,False
ACTGATGAGAACAATC-1,0.052,False
ACTGATGAGGTAGCCA-1,0.033,False
ACTGATGAGTACCGGA-1,0.067,False
ACTGATGCACCAGATT-1,0.125,False
ACTGATGGTACAGACG-1,0.152,False
ACTGATGGTCCTGCTT-1,0.11,False
ACTGATGGTGCACTTA-1,0.067,False
ACTGATGTCCTAAGTG-1,0.11,False
ACTGATGTCTCGCTTG-1,0.088,False
ACTGCTCAGCCATCGC-1,0.061,False
ACTGCTCAGTGGTCCC-1,0.032,False
ACTGCTCCAAGGTGTG-1,0.104,False
ACTGCTCCATTTGCCC-1,0.093,False
ACTGCTCGTAGCGTCC-1,0.164,False
ACTGCTCGTCATCGGC-1,0.133,False
ACTGCTCGTGATAAAC-1,0.039,False
ACTGCTCTCTTCGGTC-1,0.152,False
ACTGTCCCAACACCTA-1,0.039,False
ACTGTCCCAGCTGTGC-1,0.075,False
ACTGTCCCATCTCCCA-1,0.043,False
ACTGTCCGTAATTGGA-1,0.043,False
ACTGTCCGTACAGTTC-1,0.11,False
ACTGTCCGTGCACGAA-1,0.083,False
ACTTACTAGAATTCCC-1,0.176,False
ACTTACTAGTGGCACA-1,0.088,False
ACTTACTCACACCGAC-1,0.104,False
ACTTACTCAGTATAAG-1,0.083,False
ACTTACTGTAAACACA-1,0.041,False
ACTTACTGTGTGGCTC-1,0.061,False
ACTTACTTCCGTAGTA-1,0.133,False
ACTTGTTAGGACACCA-1,0.11,False
ACTTGTTAGGCCCTTG-1,0.104,False
ACTTGTTAGTCCCACG-1,0.247,False
ACTTGTTCACAAGACG-1,0.104,False
ACTTGTTCAGCTGGCT-1,0.058,False
ACTTGTTTCCAATGGT-1,0.11,False
ACTTGTTTCTGTTTGT-1,0.117,False
ACTTTCAAGACAGAGA-1,0.058,False
ACTTTCAAGCGTAGTG-1,0.11,False
ACTTTCACAATGAAAC-1,0.067,False
ACTTTCACAATTGCTG-1,0.164,False
ACTTTCACACGAGGTA-1,0.03,False
ACTTTCACATAGGATA-1,0.088,False
ACTTTCACATGTAGTC-1,0.03,False
ACTTTCAGTCCCTTGT-1,0.093,False
ACTTTCATCCTAGTGA-1,0.045,False
ACTTTCATCGGAAACG-1,0.079,False
AGAATAGAGCGGATCA-1,0.176,False
AGAATAGAGGACCACA-1,0.125,False
AGAATAGCAAGCCTAT-1,0.117,False
AGAATAGGTAGCGATG-1,0.093,False
AGAATAGGTGAGTATA-1,0.047,False
AGACGTTAGCTAGGCA-1,0.047,False
AGACGTTAGGAATCGC-1,0.033,False
AGACGTTTCCTAAGTG-1,0.075,False
AGAGCGATCAGCTCTC-1,0.093,False
AGAGCGATCTCTTATG-1,0.079,False
AGAGCTTAGCCTTGAT-1,0.071,False
AGAGCTTAGTGGGATC-1,0.098,False
AGAGCTTCAAAGGAAG-1,0.442,False
AGAGCTTCACATAACC-1,0.125,False
AGAGCTTCACCAGTTA-1,0.061,False
AGAGCTTCAGGGTATG-1,0.035,False
AGAGCTTTCACAGTAC-1,0.052,False
AGAGCTTTCCACTGGG-1,0.043,False
AGAGCTTTCGGTTAAC-1,0.071,False
AGAGCTTTCGTCCAGG-1,0.041,False
AGAGCTTTCTACTATC-1,0.125,False
AGAGTGGAGCTGGAAC-1,0.058,False
AGAGTGGAGGGCTTGA-1,0.093,False
AGAGTGGCACAGCCCA-1,0.067,False
AGAGTGGCACGAGAGT-1,0.05,False
AGAGTGGCAGTCAGCC-1,0.047,False
AGAGTGGCATGCTGGC-1,0.055,False
AGAGTGGGTAGCGTCC-1,0.088,False
AGAGTGGTCATCATTC-1,0.11,False
AGATCTGGTCACACGC-1,0.117,False
AGATTGCAGCTACCGC-1,0.026,False
AGATTGCCAGTAACGG-1,0.133,False
AGATTGCGTTACGGAG-1,0.043,False
AGATTGCGTTGACGTT-1,0.064,False
AGCAGCCAGACCACGA-1,0.023,False
AGCAGCCAGCGATGAC-1,0.075,False
AGCAGCCTCATGTCCC-1,0.045,False
AGCATACAGCCATCGC-1,0.05,False
AGCATACAGGCATGGT-1,0.047,False
AGCATACAGGCTCTTA-1,0.104,False
AGCATACAGTCATGCT-1,0.176,False
AGCATACCAAATACAG-1,0.117,False
AGCATACCAACACCTA-1,0.207,False
AGCATACCAATGGAAT-1,0.037,False
AGCATACCAGCGATCC-1,0.052,False
AGCATACCAGTCGATT-1,0.098,False
AGCATACGTTCAGTAC-1,0.176,False
AGCATACTCTGCTGTC-1,0.061,False
AGCCTAAAGAGGTACC-1,0.117,False
AGCCTAACAAAGTCAA-1,0.071,False
AGCCTAACAATACGCT-1,0.133,False
AGCCTAAGTTCCCGAG-1,0.125,False
AGCCTAATCCTCCTAG-1,0.075,False
AGCGGTCCAGACAAGC-1,0.079,False
AGCGGTCGTAGTAGTA-1,0.083,False
AGCGTATAGACTAAGT-1,0.041,False
AGCGTATAGAGTACCG-1,0.34,False
AGCGTATCAATGGAGC-1,0.064,False
AGCGTATGTAAGCACG-1,0.11,False
AGCGTATGTCTCATCC-1,0.035,False
AGCGTATTCGGATGTT-1,0.093,False
AGCGTCGCAGATGAGC-1,0.142,False
AGCTCCTAGAACAATC-1,0.067,False
AGCTCCTAGGTGCTAG-1,0.064,False
AGCTCCTCACAGTCGC-1,0.064,False
AGCTCCTCACCGAAAG-1,0.093,False
AGCTCCTGTAATCACC-1,0.385,False
AGCTCCTGTAGCTTGT-1,0.064,False
AGCTCCTGTCAGATAA-1,0.052,False
AGCTCCTTCCAGGGCT-1,0.093,False
AGCTCCTTCGCTAGCG-1,0.064,False
AGCTCTCAGTCGTACT-1,0.009,False
AGCTCTCCAATGCCAT-1,0.117,False
AGCTCTCCAGACAAAT-1,0.117,False
AGCTCTCCAGGGAGAG-1,0.075,False
AGCTCTCCATTGAGCT-1,0.098,False
AGCTCTCGTATATCCG-1,0.071,False
AGCTCTCGTTGGGACA-1,0.142,False
AGCTCTCGTTTAGGAA-1,0.028,False
AGCTCTCTCGTGACAT-1,0.093,False
AGCTCTCTCTCCAGGG-1,0.098,False
AGCTTGACATCACGAT-1,0.058,False
AGCTTGAGTCCTAGCG-1,0.071,False
AGCTTGAGTGTAATGA-1,0.058,False
AGCTTGATCACAAACC-1,0.061,False
AGCTTGATCTAACTCT-1,0.079,False
AGGCCACAGATGGGTC-1,0.052,False
AGGCCACAGTGGCACA-1,0.164,False
AGGCCACCACTTACGA-1,0.207,False
AGGCCACGTCTAAAGA-1,0.385,False
AGGCCGTCAAAGGAAG-1,0.273,False
AGGCCGTCACTTCGAA-1,0.058,False
AGGCCGTTCCAGTATG-1,0.019,False
AGGCCGTTCTCATTCA-1,0.058,False
AGGGAGTGTTCGGCAC-1,0.098,False
AGGGAGTTCAGAGACG-1,0.117,False
AGGGAGTTCGATAGAA-1,0.176,False
AGGGAGTTCGTTACAG-1,0.067,False
AGGGAGTTCTCGCATC-1,0.117,False
AGGGATGCACGTCTCT-1,0.117,False
AGGGATGGTCCCTACT-1,0.045,False
AGGGATGGTGTGGCTC-1,0.098,False
AGGGATGGTTCGCGAC-1,0.032,False
AGGGATGTCACAATGC-1,0.125,False
AGGGATGTCGTGGGAA-1,0.273,False
AGGGTGAAGGACACCA-1,0.142,False
AGGGTGAAGTGGTAGC-1,0.067,False
AGGGTGACATACTCTT-1,0.098,False
AGGGTGATCAAGAAGT-1,0.176,False
AGGGTGATCGGCTTGG-1,0.125,False
AGGGTGATCTACGAGT-1,0.273,False
AGGTCATAGAAGGTTT-1,0.083,False
AGGTCATAGTGCCAGA-1,0.164,False
AGGTCATCACATCTTT-1,0.027,False
AGGTCATCAGCTGTTA-1,0.104,False
AGGTCATCATCGTCGG-1,0.017,False
AGGTCATGTATAAACG-1,0.176,False
AGGTCCGAGCTCTCGG-1,0.247,False
AGGTCCGCACAGTCGC-1,0.03,False
AGGTCCGCACGCATCG-1,0.191,False
AGGTCCGGTATGGTTC-1,0.05,False
AGGTCCGGTGATAAGT-1,0.191,False
AGGTCCGGTTCTGGTA-1,0.083,False
AGTAGTCAGGTGCACA-1,0.047,False
AGTAGTCCACATGGGA-1,0.067,False
AGTAGTCCAGGAATGC-1,0.067,False
AGTAGTCGTCAAAGCG-1,0.079,False
AGTAGTCTCTTAGCCC-1,0.093,False
AGTCTTTAGTTAAGTG-1,0.125,False
AGTCTTTCACAGGAGT-1,0.098,False
AGTCTTTTCAAGGCTT-1,0.061,False
AGTGAGGAGCTTTGGT-1,0.152,False
AGTGAGGAGGGCTCTC-1,0.028,False
AGTGAGGAGTCATCCA-1,0.133,False
AGTGAGGCAACCGCCA-1,0.11,False
AGTGAGGCACCAGCAC-1,0.164,False
AGTGAGGCAGGTCTCG-1,0.067,False
AGTGAGGCATTGGTAC-1,0.058,False
AGTGAGGGTGAACCTT-1,0.061,False
AGTGAGGTCACAATGC-1,0.075,False
AGTGAGGTCGCACTCT-1,0.079,False
AGTGAGGTCGGCTACG-1,0.142,False
AGTGAGGTCTTCATGT-1,0.152,False
AGTGGGAAGATGAGAG-1,0.05,False
AGTGGGACACATAACC-1,0.152,False
AGTGGGAGTTAAGATG-1,0.083,False
AGTGGGAGTTGACGTT-1,0.058,False
AGTGTCAAGAGAACAG-1,0.026,False
AGTGTCAAGATACACA-1,0.058,False
AGTGTCAAGTGTACTC-1,0.045,False
AGTGTCACAAAGTGCG-1,0.191,False
AGTGTCACATCCTAGA-1,0.015,False
AGTGTCATCACTTCAT-1,0.064,False
AGTGTCATCAGCTCTC-1,0.047,False
AGTTGGTAGGGTATCG-1,0.273,False
AGTTGGTAGTTCGATC-1,0.075,False
AGTTGGTCATAGGATA-1,0.164,False
AGTTGGTCATGGATGG-1,0.052,False
AGTTGGTGTAGCGATG-1,0.207,False
AGTTGGTGTGTGACCC-1,0.058,False
AGTTGGTTCATTGCCC-1,0.079,False
AGTTGGTTCTCTTATG-1,0.071,False
ATAACGCCAGCCACCA-1,0.083,False
ATAACGCGTAGCGATG-1,0.061,False
ATAACGCGTGACTACT-1,0.032,False
ATAACGCGTGGTACAG-1,0.075,False
ATAAGAGCATTAGGCT-1,0.088,False
ATAAGAGTCGGGAGTA-1,0.037,False
ATAGACCAGACATAAC-1,0.098,False
ATAGACCCATAGGATA-1,0.117,False
ATAGACCCATATGCTG-1,0.045,False
ATAGACCCATGCAATC-1,0.037,False
ATCACGACAATCACAC-1,0.035,False
ATCACGACACTAAGTC-1,0.079,False
ATCACGAGTCGGGTCT-1,0.133,False
ATCATCTAGAGACGAA-1,0.055,False
ATCATCTAGTGTTGAA-1,0.064,False
ATCATCTGTCTCGTTC-1,0.061,False
ATCATCTGTGAGGGTT-1,0.088,False
ATCATCTGTGTGCCTG-1,0.11,False
ATCATCTGTTCTGGTA-1,0.047,False
ATCATGGAGGTGCTAG-1,0.045,False
ATCATGGGTGTAACGG-1,0.026,False
ATCCACCAGACATAAC-1,0.142,False
ATCCACCAGTGGACGT-1,0.093,False
ATCCACCCACAGGAGT-1,0.098,False
ATCCACCCACGACTCG-1,0.064,False
ATCCACCTCGCGCCAA-1,0.05,False
ATCCACCTCGGAAATA-1,0.075,False
ATCCACCTCGGCGGTT-1,0.152,False
ATCCGAAAGGGCTTGA-1,0.055,False
ATCCGAACAAGACACG-1,0.008,False
ATCCGAACAATCAGAA-1,0.133,False
ATCCGAAGTGATAAAC-1,0.067,False
ATCCGAAGTTTAAGCC-1,0.067,False
ATCGAGTAGCCACCTG-1,0.05,False
ATCGAGTCAAGTACCT-1,0.104,False
ATCGAGTCATTCACTT-1,0.058,False
ATCGAGTGTTCAGTAC-1,0.142,False
ATCGAGTTCAGCTTAG-1,0.037,False
ATCTACTAGTACGTTC-1,0.104,False
ATCTACTCATTGAGCT-1,0.067,False
ATCTACTTCAGGCCCA-1,0.01,False
ATCTACTTCCCTAACC-1,0.045,False
ATCTGCCAGACTTTCG-1,0.043,False
ATCTGCCAGGCTATCT-1,0.071,False
ATCTGCCAGGTGACCA-1,0.247,False
ATCTGCCCATCAGTCA-1,0.079,False
ATCTGCCGTCTAGAGG-1,0.152,False
ATCTGCCGTGTCAATC-1,0.133,False
ATCTGCCGTTTGGCGC-1,0.247,False
ATCTGCCTCCATGCTC-1,0.061,False
ATGAGGGAGATTACCC-1,0.088,False
ATGAGGGAGTCGAGTG-1,0.052,False
ATGAGGGCACAGATTC-1,0.075,False
ATGAGGGTCAGAGGTG-1,0.104,False
ATGAGGGTCAGGTTCA-1,0.142,False
ATGAGGGTCCCATTAT-1,0.033,False
ATGAGGGTCCTTTACA-1,0.061,False
ATGCGATAGAATCTCC-1,0.067,False
ATGCGATAGCCTTGAT-1,0.104,False
ATGCGATCACATCCGG-1,0.11,False
ATGCGATCAGCTGCAC-1,0.05,False
ATGCGATGTCTCCCTA-1,0.027,False
ATGGGAGAGATATACG-1,0.028,False
ATGGGAGGTAAAGTCA-1,0.088,False
ATGGGAGTCATCGCTC-1,0.142,False
ATGGGAGTCGATGAGG-1,0.047,False
ATGGGAGTCGGCATCG-1,0.247,False
ATGTGTGGTCAAAGCG-1,0.079,False
ATGTGTGGTTCACGGC-1,0.083,False
ATGTGTGGTTGGGACA-1,0.176,False
ATTATCCAGAGAACAG-1,0.104,False
ATTATCCAGAGATGAG-1,0.164,False
ATTATCCGTGACAAAT-1,0.34,False
ATTATCCTCAGCTGGC-1,0.075,False
ATTATCCTCCTCAATT-1,0.079,False
ATTGGACGTGATGTGG-1,0.061,False
ATTGGACGTTTACTCT-1,0.067,False
ATTGGACTCAGATAAG-1,0.273,False
ATTGGACTCTACTATC-1,0.226,False
ATTGGACTCTACTCAT-1,0.093,False
ATTGGTGAGAGTAATC-1,0.164,False
ATTGGTGGTAACGTTC-1,0.303,False
ATTGGTGTCTGCGGCA-1,0.071,False
ATTTCTGGTAAATGTG-1,0.11,False
CAACCAACAATGTAAG-1,0.058,False
CAACCAACATCGACGC-1,0.039,False
CAACCAAGTTAAAGTG-1,0.176,False
CAACCAATCTAAGCCA-1,0.152,False
CAACCAATCTCTTATG-1,0.045,False
CAACCTCAGGCATGTG-1,0.019,False
CAACCTCCAGAAGCAC-1,0.088,False
CAACCTCCATCGGGTC-1,0.226,False
CAACCTCGTCTGCAAT-1,0.032,False
CAACCTCGTTGCGTTA-1,0.083,False
CAACCTCTCAGTGCAT-1,0.024,False
CAACCTCTCGGATGTT-1,0.191,False
CAACCTCTCGGGAGTA-1,0.133,False
CAACTAGAGCACACAG-1,0.083,False
CAACTAGGTAAGGGAA-1,0.176,False
CAACTAGTCGAGGTAG-1,0.064,False
CAAGAAACAAGTAATG-1,0.075,False
CAAGAAACATCGGTTA-1,0.067,False
CAAGAAAGTAGAAGGA-1,0.05,False
CAAGAAAGTCGCCATG-1,0.079,False
CAAGAAAGTGGTAACG-1,0.226,False
CAAGAAATCACTTCAT-1,0.075,False
CAAGATCCAGGCGATA-1,0.033,False
CAAGATCGTAATAGCA-1,0.05,False
CAAGATCGTTACGCGC-1,0.033,False
CAAGATCTCAATCACG-1,0.152,False
CAAGGCCAGACGCACA-1,0.079,False
CAAGGCCAGAGATGAG-1,0.11,False
CAAGGCCAGATATGCA-1,0.039,False
CAAGGCCAGTGGGCTA-1,0.079,False
CAAGGCCCATTCCTGC-1,0.017,False
CAAGTTGCAGGGTACA-1,0.039,False
CAAGTTGGTAGCGCAA-1,0.045,False
CAAGTTGGTATTCGTG-1,0.164,False
CAAGTTGGTGTTGAGG-1,0.226,False
CAAGTTGTCTCTGCTG-1,0.039,False
CAAGTTGTCTTCCTTC-1,0.152,False
CACAAACAGTAGTGCG-1,0.117,False
CACAAACCACAGCGTC-1,0.067,False
CACAAACGTAGAGGAA-1,0.058,False
CACAAACGTTGGTGGA-1,0.303,False
CACAAACTCGCCGTGA-1,0.007,False
CACACAACACAAGCCC-1,0.207,False
CACACAAGTAAATACG-1,0.191,False
CACACAATCAACACAC-1,0.088,False
CACACAATCAAGATCC-1,0.152,False
CACACAATCAGCTTAG-1,0.071,False
CACACAATCCACGCAG-1,0.133,False
CACACAATCCTAGTGA-1,0.028,False
CACACAATCTCGAGTA-1,0.142,False
CACACCTAGATATGGT-1,0.061,False
CACACCTCATGTCCTC-1,0.037,False
CACACCTGTATAGTAG-1,0.043,False
CACACCTGTTGACGTT-1,0.11,False
CACACCTTCGGCTTGG-1,0.083,False
CACACTCAGAATTGTG-1,0.055,False
CACACTCAGACGCTTT-1,0.052,False
CACACTCAGCGGATCA-1,0.125,False
CACACTCAGCGTCAAG-1,0.098,False
CACACTCCAGACTCGC-1,0.061,False
CACACTCCAGGATTGG-1,0.047,False
CACAGGCGTCAGAATA-1,0.133,False
CACAGGCTCCTGTAGA-1,0.061,False
CACAGTAAGAGGTTGC-1,0.226,False
CACAGTAAGGCGACAT-1,0.133,False
CACAGTAAGTGAACAT-1,0.088,False
CACAGTAGTAGCAAAT-1,0.125,False
CACAGTAGTCGCATAT-1,0.303,False
CACAGTATCAATCACG-1,0.071,False
CACATAGCAATCCAAC-1,0.033,False
CACATAGCAGGAATCG-1,0.098,False
CACATAGGTTATTCTC-1,0.088,False
CACATTTCAATGGAAT-1,0.133,False
CACATTTCATGATCCA-1,0.093,False
CACATTTCATTTGCTT-1,0.041,False
CACATTTGTGATAAAC-1,0.047,False
CACATTTTCAAGATCC-1,0.164,False
CACATTTTCCGTCATC-1,0.247,False
CACATTTTCGGCATCG-1,0.104,False
CACATTTTCTCGCATC-1,0.023,False
CACATTTTCTCGTATT-1,0.071,False
CACATTTTCTCTGTCG-1,0.052,False
CACCACTAGACATAAC-1,0.061,False
CACCACTAGTTGAGTA-1,0.037,False
CACCACTTCACGAAGG-1,0.067,False
CACCACTTCCTTTACA-1,0.067,False
CACCACTTCGAGCCCA-1,0.061,False
CACCACTTCTCGGACG-1,0.018,False
CACCAGGAGACCTTTG-1,0.098,False
CACCAGGAGAGTTGGC-1,0.052,False
CACCAGGCATACTCTT-1,0.045,False
CACCAGGGTCACTTCC-1,0.079,False
CACCAGGTCAAACAAG-1,0.039,False
CACCAGGTCAGTTAGC-1,0.05,False
CACCAGGTCGGATGGA-1,0.067,False
CACCTTGAGGAGTACC-1,0.075,False
CACCTTGAGGTGCACA-1,0.088,False
CACCTTGAGTGCAAGC-1,0.088,False
CACCTTGCACAGTCGC-1,0.098,False
CACCTTGGTTCAGGCC-1,0.041,False
CACCTTGTCGACAGCC-1,0.043,False
CACCTTGTCTCGGACG-1,0.176,False
CACTCCAAGATGTTAG-1,0.098,False
CACTCCAAGCAGCGTA-1,0.033,False
CACTCCAAGCCACGCT-1,0.079,False
CACTCCAAGCGTGAGT-1,0.026,False
CACTCCAAGTAACCCT-1,0.075,False
CACTCCACAAGACGTG-1,0.093,False
CACTCCACATACTCTT-1,0.052,False
CACTCCACATAGGATA-1,0.142,False
CACTCCACATATGGTC-1,0.027,False
CACTCCAGTATTACCG-1,0.055,False
CACTCCAGTCTTGATG-1,0.104,False
CACTCCAGTTAAGTAG-1,0.11,False
CACTCCAGTTCTGTTT-1,0.035,False
CACTCCAGTTGATTGC-1,0.088,False
CACTCCATCACCTTAT-1,0.064,False
CACTCCATCTAACTTC-1,0.133,False
CAGAATCAGTTAAGTG-1,0.045,False
CAGAATCCAAACGCGA-1,0.098,False
CAGAATCCACCCTATC-1,0.152,False
CAGAATCGTAGTACCT-1,0.071,False
CAGAATCGTCTCTCTG-1,0.083,False
CAGAATCGTTCACGGC-1,0.067,False
CAGAATCTCCTGTACC-1,0.207,False
CAGAGAGAGGTCATCT-1,0.164,False
CAGAGAGCATGGTCTA-1,0.071,False
CAGAGAGGTAAAGGAG-1,0.067,False
CAGAGAGGTTCTGTTT-1,0.226,False
CAGATCAAGAATCTCC-1,0.079,False
CAGATCAGTTCCACAA-1,0.067,False
CAGATCATCGTTACAG-1,0.176,False
CAGATCATCTCGCTTG-1,0.071,False
CAGCAGCCACCAGTTA-1,0.052,False
CAGCAGCCACGGTAGA-1,0.191,False
CAGCAGCCACTTAAGC-1,0.125,False
CAGCAGCGTACAGTGG-1,0.075,False
CAGCAGCGTAGCCTAT-1,0.032,False
CAGCAGCGTTGGACCC-1,0.104,False
CAGCAGCTCCATTCTA-1,0.071,False
CAGCATAAGTAGCGGT-1,0.088,False
CAGCATAAGTTTCCTT-1,0.041,False
CAGCATACACTTCGAA-1,0.164,False
CAGCATACATCTCCCA-1,0.125,False
CAGCATAGTCTTTCAT-1,0.045,False
CAGCATATCCTAGTGA-1,0.093,False
CAGCATATCGATGAGG-1,0.041,False
CAGCCGAGTTCGTTGA-1,0.014,False
CAGCCGATCAAACGGG-1,0.047,False
CAGCCGATCTGTTTGT-1,0.075,False
CAGCGACAGTGAATTG-1,0.142,False
CAGCGACCATCCCATC-1,0.083,False
CAGCGACTCATAGCAC-1,0.152,False
CAGCGACTCATTATCC-1,0.142,False
CAGCTAAAGATACACA-1,0.11,False
CAGCTAAAGTAGCGGT-1,0.018,False
CAGCTAATCCGTTGTC-1,0.142,False
CAGCTGGAGACGCAAC-1,0.055,False
CAGCTGGCAAGCTGAG-1,0.083,False
CAGCTGGTCAGGCCCA-1,0.207,False
CAGCTGGTCTTAACCT-1,0.083,False
CAGGTGCAGATCGGGT-1,0.191,False
CAGGTGCAGCACGCCT-1,0.014,False
CAGGTGCCAAAGGTGC-1,0.027,False
CAGGTGCCAAGAAGAG-1,0.133,False
CAGGTGCGTAGCTCCG-1,0.125,False
CAGGTGCGTCGCCATG-1,0.033,False
CAGGTGCGTGCGAAAC-1,0.152,False
CAGGTGCTCTCGAGTA-1,0.03,False
CAGGTGCTCTTCATGT-1,0.152,False
CAGTAACTCAGGCGAA-1,0.055,False
CAGTAACTCATAAAGG-1,0.226,False
CAGTAACTCTTTCCTC-1,0.055,False
CAGTCCTAGAGCCCAA-1,0.039,False
CAGTCCTCAAATTGCC-1,0.035,False
CAGTCCTCAATCTGCA-1,0.517,True
CAGTCCTCACAGCCCA-1,0.207,False
CAGTCCTCACGGTAGA-1,0.34,False
CAGTCCTCATGAACCT-1,0.05,False
CAGTCCTCATTCTCAT-1,0.093,False
CATATGGGTCTGGTCG-1,0.047,False
CATATGGGTGTTAAGA-1,0.067,False
CATATGGTCTACTTAC-1,0.03,False
CATATTCAGATGTAAC-1,0.11,False
CATATTCGTATGAATG-1,0.093,False
CATATTCTCACCTTAT-1,0.088,False
CATATTCTCGGAATCT-1,0.133,False
CATATTCTCTACTATC-1,0.023,False
CATCAAGAGTGTTTGC-1,0.061,False
CATCAAGCACACATGT-1,0.064,False
CATCAAGCACCAGATT-1,0.083,False
CATCAAGGTAGCGCTC-1,0.064,False
CATCAAGGTGGGTATG-1,0.164,False
CATCAAGGTTAAGGGC-1,0.064,False
CATCAGAAGGCCCGTT-1,0.079,False
CATCAGAAGTTTAGGA-1,0.176,False
CATCAGACAATAAGCA-1,0.083,False
CATCAGACACAACTGT-1,0.047,False
CATCAGAGTCCATCCT-1,0.133,False
CATCAGAGTGCCTTGG-1,0.041,False
CATCAGATCATAGCAC-1,0.117,False
CATCCACCACTATCTT-1,0.125,False
CATCCACCAGTATGCT-1,0.039,False
CATCCACCATGGATGG-1,0.093,False
CATCCACCATTCTTAC-1,0.083,False
CATCCACGTTCTGGTA-1,0.104,False
CATCCACTCGGAGCAA-1,0.133,False
CATCGAAAGTACGCGA-1,0.125,False
CATCGAACACCTTGTC-1,0.133,False
CATCGAAGTAAACCTC-1,0.043,False
CATCGAAGTTACCGAT-1,0.226,False
CATCGAATCATCTGTT-1,0.041,False
CATCGAATCCAAAGTC-1,0.207,False
CATCGAATCTGCTGCT-1,0.061,False
CATCGGGGTAAGTGTA-1,0.061,False
CATCGGGGTGATGTCT-1,0.079,False
CATCGGGTCACTCTTA-1,0.191,False
CATGACAAGAGGTAGA-1,0.058,False
CATGACAAGGCATGTG-1,0.226,False
CATGACAAGTGTGGCA-1,0.142,False
CATGACACAGACAGGT-1,0.11,False
CATGACACATACTCTT-1,0.083,False
CATGACAGTCGGCATC-1,0.033,False
CATGACATCCCAAGAT-1,0.093,False
CATGACATCTCGTTTA-1,0.247,False
CATGCCTAGAGCTATA-1,0.273,False
CATGCCTAGAGGGATA-1,0.047,False
CATGCCTAGGGAAACA-1,0.142,False
CATGCCTAGGTGATAT-1,0.039,False
CATGCCTCATGGTCTA-1,0.117,False
CATGCCTGTTGGTAAA-1,0.05,False
CATGCCTGTTTAGCTG-1,0.303,False
CATGCCTTCGATAGAA-1,0.067,False
CATGCCTTCGCTAGCG-1,0.104,False
CATGGCGAGAGTTGGC-1,0.133,False
CATGGCGAGATGGCGT-1,0.247,False
CATGGCGCAAGCGCTC-1,0.152,False
CATGGCGCATGGTTGT-1,0.088,False
CATGGCGGTTCCAACA-1,0.088,False
CATTATCCAATAGCAA-1,0.226,False
CATTATCCAGGTCCAC-1,0.093,False
CATTATCGTCATATCG-1,0.098,False
CATTATCGTGCTCTTC-1,0.022,False
CATTATCTCAAGCCTA-1,0.152,False
CATTATCTCTGTCAAG-1,0.041,False
CATTCGCTCGCACTCT-1,0.152,False
CCAATCCAGAGTAATC-1,0.055,False
CCAATCCAGATCCCAT-1,0.079,False
CCAATCCAGCCGGTAA-1,0.03,False
CCAATCCGTATAGGGC-1,0.164,False
CCAATCCTCCAGAGGA-1,0.11,False
CCACCTAAGTCCTCCT-1,0.045,False
CCACCTACAGCTATTG-1,0.067,False
CCACCTAGTCCGACGT-1,0.037,False
CCACCTAGTTGCTCCT-1,0.164,False
CCACCTATCTCGGACG-1,0.442,False
CCACGGAAGATCACGG-1,0.067,False
CCACGGACACCTCGTT-1,0.125,False
CCACGGATCACTGGGC-1,0.071,False
CCACTACAGCTAGTCT-1,0.041,False
CCACTACCAATTGCTG-1,0.075,False
CCACTACCATTGGTAC-1,0.117,False
CCACTACGTAGCAAAT-1,0.079,False
CCACTACTCTCGATGA-1,0.104,False
CCAGCGAAGGTGCACA-1,0.03,False
CCAGCGAGTAGCGTGA-1,0.079,False
CCAGCGATCATCTGTT-1,0.064,False
CCATGTCAGGCGATAC-1,0.142,False
CCATGTCCAAGCTGGA-1,0.133,False
CCATGTCCAGCTTAAC-1,0.067,False
CCATGTCCAGTCAGCC-1,0.125,False
CCATGTCCATCGGAAG-1,0.067,False
CCATGTCCATGCTGGC-1,0.176,False
CCATGTCGTATTCTCT-1,0.047,False
CCATGTCGTCGCATCG-1,0.058,False
CCATTCGAGCCGTCGT-1,0.067,False
CCATTCGCAGGTTTCA-1,0.047,False
CCATTCGGTACCGAGA-1,0.117,False
CCATTCGGTCACTGGC-1,0.098,False
CCATTCGGTTTGCATG-1,0.026,False
CCATTCGTCGGCGCTA-1,0.039,False
CCCAATCAGATGTTAG-1,0.022,False
CCCAATCAGTCCATAC-1,0.176,False
CCCAATCCAGCGTTCG-1,0.083,False
CCCAGTTAGCCATCGC-1,0.058,False
CCCAGTTGTCGAGTTT-1,0.104,False
CCCAGTTTCAGCTCTC-1,0.125,False
CCCAGTTTCCAAGTAC-1,0.055,False
CCCAGTTTCGAGAACG-1,0.098,False
CCCTCCTAGGGTCTCC-1,0.075,False
CCCTCCTCAAGCGAGT-1,0.067,False
CCCTCCTCAGACAGGT-1,0.104,False
CCCTCCTCAGCCAGAA-1,0.052,False
CCCTCCTCATACTCTT-1,0.104,False
CCCTCCTGTGGAAAGA-1,0.088,False
CCCTCCTGTGTGAAAT-1,0.067,False
CCCTCCTGTTACTGAC-1,0.043,False
CCCTCCTGTTCAGACT-1,0.142,False
CCCTCCTGTTGTCTTT-1,0.093,False
CCCTCCTTCTGTCTAT-1,0.125,False
CCGGGATCACACATGT-1,0.058,False
CCGGGATGTTTGACAC-1,0.152,False
CCGGGATTCAACACGT-1,0.11,False
CCGGGATTCACGAAGG-1,0.055,False
CCGGGATTCCTCTAGC-1,0.083,False
CCGGTAGGTGCATCTA-1,0.164,False
CCGGTAGTCTTTACAC-1,0.03,False
CCGTACTAGCGTCTAT-1,0.083,False
CCGTACTAGTGGAGTC-1,0.052,False
CCGTACTGTAGTAGTA-1,0.152,False
CCGTACTGTTAAGATG-1,0.093,False
CCGTACTGTTGGTGGA-1,0.037,False
CCGTACTTCCGCAGTG-1,0.088,False
CCGTGGAAGATGTGGC-1,0.043,False
CCGTGGAGTGAACCTT-1,0.088,False
CCGTGGATCAGGCAAG-1,0.117,False
CCGTGGATCGTTACGA-1,0.176,False
CCGTTCACACATCCAA-1,0.071,False
CCGTTCATCGGATGTT-1,0.079,False
CCGTTCATCGGCGGTT-1,0.058,False
CCGTTCATCTGCGGCA-1,0.075,False
CCTAAAGAGAAGGACA-1,0.152,False
CCTAAAGAGACAAAGG-1,0.075,False
CCTAAAGAGATCTGCT-1,0.043,False
CCTAAAGCAAACAACA-1,0.079,False
CCTAAAGCAGTTCATG-1,0.093,False
CCTAAAGCATTGGTAC-1,0.013,False
CCTACACAGGCTAGGT-1,0.061,False
CCTACACCATGCATGT-1,0.164,False
CCTACACCATTACGAC-1,0.075,False
CCTACACGTCGAAAGC-1,0.079,False
CCTACACGTTATCGGT-1,0.093,False
CCTACACTCGTATCAG-1,0.079,False
CCTACCAAGACGCACA-1,0.125,False
CCTACCAAGCCCAGCT-1,0.05,False
CCTACCACACAGATTC-1,0.071,False
CCTACCACATATGAGA-1,0.043,False
CCTACCAGTCATCGGC-1,0.052,False
CCTACCAGTTGCTCCT-1,0.052,False
CCTACCATCCGTTGTC-1,0.098,False
CCTAGCTAGCCAGTTT-1,0.055,False
CCTAGCTAGTCCCACG-1,0.075,False
CCTAGCTCACATAACC-1,0.207,False
CCTAGCTCACCATGTA-1,0.039,False
CCTAGCTCATAGAAAC-1,0.083,False
CCTAGCTTCATGTCCC-1,0.058,False
CCTATTAGTACCTACA-1,0.055,False
CCTATTAGTCCAACTA-1,0.041,False
CCTATTAGTGAACCTT-1,0.117,False
CCTATTATCCGAAGAG-1,0.075,False
CCTATTATCTCTAGGA-1,0.064,False
CCTATTATCTTTACAC-1,0.039,False
CCTCAGTAGACTGGGT-1,0.385,False
CCTCAGTAGATCCCAT-1,0.083,False
CCTCAGTCATTTCACT-1,0.273,False
CCTCAGTGTCACACGC-1,0.152,False
CCTCAGTGTGTAAGTA-1,0.041,False
CCTCAGTGTTCGTGAT-1,0.055,False
CCTCTGAAGATGTAAC-1,0.047,False
CCTCTGAAGCTGAACG-1,0.093,False
CCTCTGACACGGCGTT-1,0.071,False
CCTCTGACAGCTTAAC-1,0.039,False
CCTCTGAGTCTCATCC-1,0.104,False
CCTCTGAGTTATGTGC-1,0.098,False
CCTCTGATCAACACCA-1,0.043,False
CCTCTGATCGGTGTTA-1,0.083,False
CCTTACGAGGGAGTAA-1,0.075,False
CCTTACGAGGGCTTGA-1,0.043,False
CCTTACGCATCCCATC-1,0.047,False
CCTTACGGTTGATTGC-1,0.104,False
CCTTACGTCTGCCAGG-1,0.303,False
CCTTCCCGTGTTCTTT-1,0.207,False
CCTTCCCTCATGTGGT-1,0.34,False
CCTTCCCTCCGCTGTT-1,0.191,False
CCTTCCCTCTGGAGCC-1,0.067,False
CCTTCGACAGACACTT-1,0.11,False
CCTTCGACAGGAATGC-1,0.019,False
CCTTCGACAGTTCATG-1,0.11,False
CCTTCGAGTAAGTAGT-1,0.058,False
CCTTCGAGTATCAGTC-1,0.058,False
CCTTCGAGTCATATGC-1,0.093,False
CCTTCGAGTGAGGCTA-1,0.088,False
CCTTCGAGTTAGAACA-1,0.055,False
CCTTCGATCATAAAGG-1,0.052,False
CCTTCGATCCACGACG-1,0.055,False
CCTTCGATCTTGCAAG-1,0.226,False
CCTTTCTAGCAGCCTC-1,0.075,False
CCTTTCTAGGACACCA-1,0.093,False
CCTTTCTAGTAGATGT-1,0.061,False
CCTTTCTAGTGTACGG-1,0.041,False
CCTTTCTGTATAATGG-1,0.035,False
CCTTTCTGTCCAAGTT-1,0.05,False
CCTTTCTGTGATAAAC-1,0.061,False
CCTTTCTGTTAGAACA-1,0.03,False
CCTTTCTTCGTGACAT-1,0.015,False
CCTTTCTTCTGCGGCA-1,0.052,False
CGAACATAGCTGCAAG-1,0.075,False
CGAACATAGGATGGTC-1,0.075,False
CGAACATCATGCATGT-1,0.133,False
CGAACATTCTGATACG-1,0.071,False
CGAATGTAGTCTCAAC-1,0.152,False
CGAATGTCACCCATTC-1,0.164,False
CGAATGTCACTCAGGC-1,0.064,False
CGAATGTCATCACGTA-1,0.052,False
CGAATGTGTGCCTGCA-1,0.061,False
CGAATGTTCAACGGCC-1,0.117,False
CGAATGTTCACCTTAT-1,0.071,False
CGACCTTAGTTCGATC-1,0.043,False
CGACCTTCAATAGCAA-1,0.104,False
CGACCTTCAGTTAACC-1,0.079,False
CGACCTTGTCCATGAT-1,0.061,False
CGACCTTGTGGAAAGA-1,0.125,False
CGACCTTTCAACTCTT-1,0.043,False
CGACTTCCACAGACTT-1,0.064,False
CGACTTCGTCCAAGTT-1,0.018,False
CGAGAAGGTATAGGTA-1,0.083,False
CGAGAAGTCCCAGGTG-1,0.058,False
CGAGCACAGAAGGTGA-1,0.079,False
CGAGCACAGTGCGTGA-1,0.079,False
CGAGCACCATGACATC-1,0.083,False
CGAGCACGTTTAGGAA-1,0.088,False
CGAGCACTCAACACCA-1,0.055,False
CGAGCCAGTTGGTAAA-1,0.104,False
CGAGCCATCACTGGGC-1,0.015,False
CGAGCCATCATTCACT-1,0.039,False
CGATCGGAGCGACGTA-1,0.075,False
CGATCGGCACACCGAC-1,0.071,False
CGATCGGCACCAGGTC-1,0.125,False
CGATCGGGTAGCACGA-1,0.05,False
CGATCGGTCGGTGTCG-1,0.047,False
CGATCGGTCTGATTCT-1,0.067,False
CGATGGCAGTGGCACA-1,0.055,False
CGATGTACAAATTGCC-1,0.045,False
CGATGTACACTTCTGC-1,0.083,False
CGATGTACAGACGCAA-1,0.052,False
CGATGTAGTAGATTAG-1,0.028,False
CGATGTAGTAGGCTGA-1,0.079,False
CGATGTATCACATACG-1,0.02,False
CGATTGACACTCAGGC-1,0.055,False
CGATTGATCAGGCGAA-1,0.164,False
CGCCAAGAGATGAGAG-1,0.191,False
CGCCAAGAGCCAGTAG-1,0.052,False
CGCCAAGAGTATCGAA-1,0.064,False
CGCCAAGCAATCTACG-1,0.152,False
CGCCAAGCAGTCTTCC-1,0.125,False
CGCCAAGGTAGCGTGA-1,0.093,False
CGCCAAGTCACGCATA-1,0.075,False
CGCGGTAAGAAGGGTA-1,0.045,False
CGCGGTAGTACTTGAC-1,0.117,False
CGCGGTAGTCAGGACA-1,0.088,False
CGCGGTAGTCGTGGCT-1,0.064,False
CGCGGTATCCAACCAA-1,0.052,False
CGCGTTTAGATGTGTA-1,0.207,False
CGCGTTTAGCGTAATA-1,0.071,False
CGCGTTTAGCTAGTTC-1,0.088,False
CGCGTTTAGTAACCCT-1,0.075,False
CGCGTTTCACGAAATA-1,0.098,False
CGCGTTTTCCTATGTT-1,0.088,False
CGCTATCAGACCCACC-1,0.142,False
CGCTATCAGAGCTTCT-1,0.098,False
CGCTATCAGATGGCGT-1,0.067,False
CGCTATCAGTGGAGAA-1,0.045,False
CGCTATCGTAATCACC-1,0.226,False
CGCTATCGTAGCGTAG-1,0.064,False
CGCTATCGTATAGGGC-1,0.083,False
CGCTATCGTTCAACCA-1,0.039,False
CGCTATCTCTTGGGTA-1,0.273,False
CGCTGGAAGATGAGAG-1,0.088,False
CGCTGGACAAGCTGAG-1,0.028,False
CGCTGGAGTAAATGTG-1,0.061,False
CGCTGGAGTAGCAAAT-1,0.037,False
CGCTGGAGTCTAGAGG-1,0.058,False
CGCTGGATCCTTGACC-1,0.083,False
CGCTTCAAGAATAGGG-1,0.273,False
CGCTTCAAGACGCTTT-1,0.207,False
CGCTTCAAGGATGCGT-1,0.045,False
CGCTTCAAGGATTCGG-1,0.152,False
CGCTTCAGTAAATACG-1,0.043,False
CGCTTCAGTTTGTTGG-1,0.11,False
CGCTTCATCTACCTGC-1,0.117,False
CGCTTCATCTGCAAGT-1,0.104,False
CGGACACAGTTACCCA-1,0.093,False
CGGACACCAGCTGCTG-1,0.125,False
CGGACACTCCTCCTAG-1,0.027,False
CGGACACTCGTCCAGG-1,0.064,False
CGGACGTAGTCGTACT-1,0.191,False
CGGACGTCAAAGTCAA-1,0.079,False
CGGACGTGTCACCCAG-1,0.064,False
CGGACGTGTCGGCTCA-1,0.061,False
CGGACGTGTTAGAACA-1,0.088,False
CGGACGTTCGGAGCAA-1,0.133,False
CGGACGTTCTCCGGTT-1,0.058,False
CGGACTGCAAATCCGT-1,0.05,False
CGGACTGCAAGGACTG-1,0.079,False
CGGACTGCATCTATGG-1,0.098,False
CGGACTGGTATTACCG-1,0.11,False
CGGACTGGTCTAACGT-1,0.117,False
CGGACTGGTTCAGCGC-1,0.088,False
CGGAGCTCAAAGGTGC-1,0.041,False
CGGAGCTCATACCATG-1,0.071,False
CGGAGCTTCAAACGGG-1,0.098,False
CGGAGTCAGAAACGAG-1,0.152,False
CGGAGTCCATTCCTGC-1,0.055,False
CGGAGTCGTCTAAACC-1,0.012,False
CGGAGTCTCTGACCTC-1,0.191,False
CGGCTAGAGAATGTGT-1,0.11,False
CGGCTAGAGAGCCTAG-1,0.052,False
CGGCTAGTCGTCCAGG-1,0.11,False
CGGCTAGTCTATCCTA-1,0.055,False
CGGCTAGTCTGTTGAG-1,0.075,False
CGGGTCACAAAGCAAT-1,0.039,False
CGGGTCACAAGTACCT-1,0.11,False
CGGGTCAGTCTAACGT-1,0.207,False
CGGGTCATCACTATTC-1,0.05,False
CGGGTCATCTACTATC-1,0.083,False
CGGTTAAAGTCAATAG-1,0.098,False
CGGTTAACACCCATGG-1,0.088,False
CGGTTAACAGCTTCGG-1,0.043,False
CGGTTAAGTGCAGTAG-1,0.052,False
CGGTTAAGTTCGAATC-1,0.043,False
CGGTTAAGTTGTTTGG-1,0.061,False
CGGTTAATCGTGTAGT-1,0.055,False
CGGTTAATCTAACTGG-1,0.079,False
CGGTTAATCTAGAGTC-1,0.093,False
CGTAGCGAGTGGTCCC-1,0.088,False
CGTAGCGAGTTACCCA-1,0.075,False
CGTAGCGCATCTCGCT-1,0.043,False
CGTAGCGCATGGATGG-1,0.035,False
CGTAGCGGTAATCGTC-1,0.385,False
CGTAGGCCAATGAAAC-1,0.061,False
CGTAGGCCACTTGGAT-1,0.079,False
CGTAGGCCAGCTATTG-1,0.079,False
CGTAGGCGTATAATGG-1,0.164,False
CGTAGGCGTTTGACAC-1,0.093,False
CGTAGGCTCGGATGGA-1,0.303,False
CGTCACTAGACAGAGA-1,0.075,False
CGTCACTAGCCACTAT-1,0.152,False
CGTCACTCATGGGACA-1,0.093,False
CGTCACTCATTATCTC-1,0.117,False
CGTCACTGTTCAGGCC-1,0.041,False
CGTCACTGTTGTACAC-1,0.117,False
CGTCACTTCAGTGCAT-1,0.125,False
CGTCAGGTCGACAGCC-1,0.152,False
CGTCCATCACGAAATA-1,0.088,False
CGTCCATCATTATCTC-1,0.075,False
CGTCCATGTATCAGTC-1,0.055,False
CGTCCATGTGATGTGG-1,0.061,False
CGTCCATTCCACTCCA-1,0.067,False
CGTCCATTCTAACTTC-1,0.117,False
CGTCCATTCTGCAGTA-1,0.104,False
CGTCTACAGTCGCCGT-1,0.083,False
CGTCTACTCAAACAAG-1,0.033,False
CGTCTACTCTAACTCT-1,0.052,False
CGTGAGCCAGGCGATA-1,0.039,False
CGTGAGCGTTCAGACT-1,0.041,False
CGTGAGCTCAAGCCTA-1,0.11,False
CGTGAGCTCCTACAGA-1,0.088,False
CGTGAGCTCGGCGCTA-1,0.083,False
CGTGTAAGTAGGGACT-1,0.093,False
CGTGTCTAGCTCTCGG-1,0.064,False
CGTTAGACACCGAAAG-1,0.088,False
CGTTAGACAGCCTTTC-1,0.142,False
CGTTAGACATGCCTTC-1,0.164,False
CGTTAGATCATAGCAC-1,0.093,False
CGTTAGATCATCGGAT-1,0.142,False
CGTTAGATCATGTGGT-1,0.067,False
CGTTCTGCACTCGACG-1,0.052,False
CGTTCTGCATGCCTTC-1,0.083,False
CGTTCTGTCAAAGACA-1,0.125,False
CGTTCTGTCACATGCA-1,0.067,False
CGTTCTGTCCGAGCCA-1,0.079,False
CGTTCTGTCTTATCTG-1,0.104,False
CGTTGGGCATACTACG-1,0.104,False
CGTTGGGGTGAAAGAG-1,0.083,False
CGTTGGGTCAGGTTCA-1,0.075,False
CGTTGGGTCCCTAACC-1,0.05,False
CGTTGGGTCCGCATAA-1,0.043,False
CGTTGGGTCGAACGGA-1,0.133,False
CTAACTTAGACTTGAA-1,0.133,False
CTAACTTAGGCTAGGT-1,0.088,False
CTAACTTAGGTCATCT-1,0.088,False
CTAACTTAGTAACCCT-1,0.03,False
CTAACTTAGTGAAGAG-1,0.164,False
CTAACTTCAATCCAAC-1,0.047,False
CTAACTTCACTTCGAA-1,0.083,False
CTAACTTCATCTACGA-1,0.098,False
CTAACTTGTACTCGCG-1,0.104,False
CTAACTTGTGCGATAG-1,0.104,False
CTAAGACAGAGGTAGA-1,0.075,False
CTAAGACAGGTGGGTT-1,0.035,False
CTAAGACGTACTTGAC-1,0.34,False
CTAAGACGTCTGATCA-1,0.226,False
CTAAGACTCACAGGCC-1,0.058,False
CTAAGACTCCGGCACA-1,0.098,False
CTAAGACTCTAGCACA-1,0.164,False
CTAATGGAGATCCGAG-1,0.093,False
CTAATGGAGTCGATAA-1,0.125,False
CTAATGGCACCAACCG-1,0.058,False
CTAATGGCAGGAATCG-1,0.058,False
CTAATGGCATGCAACT-1,0.055,False
CTAATGGGTAGCTAAA-1,0.071,False
CTAATGGGTTCCAACA-1,0.176,False
CTACACCAGACAAGCC-1,0.061,False
CTACACCAGAGCAATT-1,0.093,False
CTACACCCAAGTTCTG-1,0.079,False
CTACACCCAGACAAAT-1,0.34,False
CTACACCCAGATGAGC-1,0.075,False
CTACACCCATGCTGGC-1,0.032,False
CTACACCGTCTGGAGA-1,0.075,False
CTACACCTCAGATAAG-1,0.061,False
CTACACCTCTCAAACG-1,0.247,False
CTACATTCAATCGGTT-1,0.133,False
CTACATTCATCGTCGG-1,0.098,False
CTACATTCATGGGACA-1,0.207,False
CTACATTCATGGTTGT-1,0.152,False
CTACATTTCAAGGTAA-1,0.058,False
CTACATTTCAGTTGAC-1,0.11,False
CTACATTTCCTCTAGC-1,0.088,False
CTACCCAAGAGTGACC-1,0.34,False
CTACCCACATATGAGA-1,0.125,False
CTACCCATCTGATACG-1,0.098,False
CTACCCATCTGGAGCC-1,0.052,False
CTACGTCCAACACCTA-1,0.083,False
CTACGTCGTAGAAAGG-1,0.133,False
CTACGTCGTCTAGTGT-1,0.019,False
CTACGTCTCCTATGTT-1,0.125,False
CTAGAGTAGGGATCTG-1,0.064,False
CTAGAGTGTGCACCAC-1,0.047,False
CTAGAGTTCGACAGCC-1,0.064,False
CTAGCCTAGTTATCGC-1,0.142,False
CTAGCCTTCATAGCAC-1,0.142,False
CTAGTGAAGTACGCCC-1,0.061,False
CTAGTGAAGTGTGGCA-1,0.303,False
CTAGTGACAAGAGTCG-1,0.303,False
CTAGTGACACTTAAGC-1,0.098,False
CTCACACCACCGGAAA-1,0.104,False
CTCACACGTGCCTTGG-1,0.061,False
CTCACACTCGCCCTTA-1,0.133,False
CTCACACTCGCGGATC-1,0.067,False
CTCACACTCGTACCGG-1,0.176,False
CTCAGAAGTCCCTTGT-1,0.05,False
CTCAGAAGTTACTGAC-1,0.079,False
CTCAGAATCAGGCGAA-1,0.088,False
CTCATTACACGTCTCT-1,0.11,False
CTCATTACATGCTAGT-1,0.055,False
CTCATTAGTCATCGGC-1,0.164,False
CTCATTATCAACGGCC-1,0.117,False
CTCCTAGAGACTTGAA-1,0.061,False
CTCCTAGAGTCGAGTG-1,0.045,False
CTCCTAGCACTATCTT-1,0.125,False
CTCCTAGCATACTACG-1,0.176,False
CTCCTAGCATTAACCG-1,0.088,False
CTCCTAGGTGCGGTAA-1,0.027,False
CTCCTAGTCAGTACGT-1,0.037,False
CTCCTAGTCGGCTACG-1,0.047,False
CTCGAAAAGAGGACGG-1,0.032,False
CTCGAAAAGTGGTAAT-1,0.117,False
CTCGAAACACAACTGT-1,0.247,False
CTCGAAACATGTAAGA-1,0.133,False
CTCGAAAGTAATCGTC-1,0.125,False
CTCGAAATCAGGTTCA-1,0.303,False
CTCGAAATCCAAAGTC-1,0.055,False
CTCGAGGAGAGGGCTT-1,0.079,False
CTCGAGGAGCTAGGCA-1,0.061,False
CTCGAGGAGTGAAGAG-1,0.152,False
CTCGAGGCACGGCTAC-1,0.033,False
CTCGAGGGTTGATTGC-1,0.045,False
CTCGAGGTCGAACTGT-1,0.05,False
CTCGGAGAGTGGGTTG-1,0.05,False
CTCGGAGGTCAGATAA-1,0.098,False
CTCGGAGGTGATAAGT-1,0.061,False
CTCGGAGGTGTTAAGA-1,0.191,False
CTCGGAGTCAAAGACA-1,0.064,False
CTCGGAGTCATTGCCC-1,0.043,False
CTCGGAGTCTCTTATG-1,0.035,False
CTCGGGACACAGACTT-1,0.152,False
CTCGGGAGTATGAAAC-1,0.088,False
CTCGGGATCTTCTGGC-1,0.226,False
CTCGTACAGAAACGAG-1,0.064,False
CTCGTACAGGATTCGG-1,0.067,False
CTCGTACCAACGATGG-1,0.117,False
CTCGTACCAAGTTAAG-1,0.098,False
CTCGTACCATAGAAAC-1,0.104,False
CTCGTACCATCCGGGT-1,0.133,False
CTCGTACTCCAAACAC-1,0.117,False
CTCGTACTCTTAGAGC-1,0.061,False
CTCGTCAAGAAGCCCA-1,0.047,False
CTCGTCACAAGTACCT-1,0.05,False
CTCGTCACACATTAGC-1,0.273,False
CTCGTCACACCCATGG-1,0.11,False
CTCGTCACATGACATC-1,0.064,False
CTCGTCACATTAGGCT-1,0.125,False
CTCGTCAGTACCGAGA-1,0.133,False
CTCTAATAGAATGTGT-1,0.05,False
CTCTAATAGAGCTGCA-1,0.043,False
CTCTAATAGTCATGCT-1,0.133,False
CTCTAATCATACTCTT-1,0.064,False
CTCTAATGTCCAACTA-1,0.117,False
CTCTAATGTGCTGTAT-1,0.142,False
CTCTAATGTTGTGGCC-1,0.098,False
CTCTACGAGCGAGAAA-1,0.064,False
CTCTACGAGGATGGAA-1,0.079,False
CTCTACGAGTACATGA-1,0.133,False
CTCTACGAGTGAATTG-1,0.067,False
CTCTACGCAATCCAAC-1,0.058,False
CTCTACGCAGCTCCGA-1,0.152,False
CTCTACGCATCACAAC-1,0.191,False
CTCTGGTAGGTAAACT-1,0.052,False
CTCTGGTAGTCGAGTG-1,0.052,False
CTCTGGTGTCTAGGTT-1,0.019,False
CTCTGGTGTGCCTGGT-1,0.125,False
CTCTGGTGTTTAGGAA-1,0.067,False
CTCTGGTTCAGCCTAA-1,0.098,False
CTCTGGTTCAGGATCT-1,0.079,False
CTCTGGTTCAGTTTGG-1,0.064,False
CTGAAACAGGATTCGG-1,0.273,False
CTGAAACCAAGCGCTC-1,0.014,False
CTGAAACGTACCGTAT-1,0.207,False
CTGAAACTCAAAGTAG-1,0.083,False
CTGAAGTAGTTGAGTA-1,0.125,False
CTGAAGTCATGCTAGT-1,0.039,False
CTGATAGAGATCACGG-1,0.303,False
CTGATAGAGGCATTGG-1,0.34,False
CTGATAGCACTAAGTC-1,0.043,False
CTGATAGCATTAGCCA-1,0.055,False
CTGATAGGTATTCGTG-1,0.061,False
CTGATAGGTCCGCTGA-1,0.104,False
CTGATAGTCAGAGACG-1,0.133,False
CTGATAGTCAGATAAG-1,0.079,False
CTGATAGTCTGTCTCG-1,0.039,False
CTGATCCAGCTGTTCA-1,0.041,False
CTGATCCAGTAAGTAC-1,0.125,False
CTGATCCCAAGCCGTC-1,0.052,False
CTGATCCGTTAAGGGC-1,0.125,False
CTGATCCGTTGATTCG-1,0.033,False
CTGATCCTCAGAGGTG-1,0.047,False
CTGCCTACATCCGCGA-1,0.125,False
CTGCCTAGTATCTGCA-1,0.071,False
CTGCCTAGTGGTAACG-1,0.117,False
CTGCCTATCTCTAGGA-1,0.071,False
CTGCGGAAGCGTGAAC-1,0.152,False
CTGCGGAAGGCAGGTT-1,0.079,False
CTGCTGTAGAGACTAT-1,0.047,False
CTGCTGTCACACTGCG-1,0.061,False
CTGCTGTCATCACGTA-1,0.11,False
CTGCTGTGTATCTGCA-1,0.035,False
CTGCTGTGTTTAGGAA-1,0.104,False
CTGCTGTTCAACGGCC-1,0.152,False
CTGCTGTTCACCCTCA-1,0.071,False
CTGCTGTTCTTGCAAG-1,0.117,False
CTGCTGTTCTTGTCAT-1,0.05,False
CTGGTCTAGAACTCGG-1,0.045,False
CTGGTCTAGCAGGCTA-1,0.142,False
CTGGTCTAGTGTTAGA-1,0.133,False
CTGGTCTGTGCTTCTC-1,0.133,False
CTGGTCTGTTAGGGTG-1,0.071,False
CTGGTCTTCACTCTTA-1,0.043,False
CTGGTCTTCTCTGCTG-1,0.142,False
CTGGTCTTCTGGCGTG-1,0.125,False
CTGTGCTCAAACGCGA-1,0.152,False
CTGTGCTGTCTTCAAG-1,0.028,False
CTGTGCTTCAGTTCGA-1,0.064,False
CTGTTTACACGACGAA-1,0.045,False
CTGTTTACATAGTAAG-1,0.098,False
CTGTTTAGTTAAGACA-1,0.052,False
CTTAACTAGATATACG-1,0.064,False
CTTAACTAGCGTTTAC-1,0.098,False
CTTAACTAGGGAAACA-1,0.047,False
CTTAACTAGTGGACGT-1,0.164,False
CTTAACTAGTGTGAAT-1,0.037,False
CTTAACTCACAACTGT-1,0.176,False
CTTAACTCACCGAAAG-1,0.093,False
CTTAACTCAGAGCCAA-1,0.088,False
CTTAACTCAGCGTAAG-1,0.11,False
CTTAACTGTAGCAAAT-1,0.067,False
CTTAACTGTCTCTCTG-1,0.061,False
CTTAACTTCAAGCCTA-1,0.098,False
CTTACCGAGAAACCAT-1,0.061,False
CTTAGGAAGAGTAAGG-1,0.093,False
CTTAGGAAGGCTCATT-1,0.125,False
CTTAGGACAAGTCTAC-1,0.02,False
CTTAGGACAGAGCCAA-1,0.164,False
CTTAGGAGTAGCCTCG-1,0.058,False
CTTAGGAGTCCGTGAC-1,0.079,False
CTTAGGAGTGTGAAAT-1,0.142,False
CTTCTCTAGATGTAAC-1,0.247,False
CTTCTCTAGCCCAACC-1,0.098,False
CTTCTCTGTAAGGGCT-1,0.152,False
CTTCTCTGTCACCCAG-1,0.067,False
CTTCTCTGTTCCGGCA-1,0.142,False
CTTCTCTTCATTATCC-1,0.104,False
CTTGGCTCACAACTGT-1,0.061,False
CTTGGCTCATACCATG-1,0.117,False
CTTGGCTCATCGACGC-1,0.191,False
CTTGGCTTCCACGTTC-1,0.152,False
CTTGGCTTCTGGCGTG-1,0.055,False
CTTGGCTTCTTGAGGT-1,0.11,False
CTTTGCGAGCAGACTG-1,0.133,False
CTTTGCGAGCGATTCT-1,0.043,False
CTTTGCGCATCATCCC-1,0.043,False
CTTTGCGGTAGCTAAA-1,0.088,False
CTTTGCGGTTCCACAA-1,0.133,False
GAAACTCAGCCTCGTG-1,0.093,False
GAAACTCCACAGCCCA-1,0.064,False
GAAACTCCAGCCAGAA-1,0.104,False
GAAACTCCATTCTCAT-1,0.079,False
GAAACTCGTATTCGTG-1,0.033,False
GAAACTCGTTCTGGTA-1,0.191,False
GAAACTCTCTTATCTG-1,0.303,False
GAAATGAAGGCGACAT-1,0.176,False
GAAATGACACAGATTC-1,0.043,False
GAAATGAGTGCACGAA-1,0.125,False
GAAATGATCGGATGTT-1,0.061,False
GAAATGATCTGTTTGT-1,0.088,False
GAACATCAGAACAATC-1,0.071,False
GAACATCAGATTACCC-1,0.083,False
GAACATCCAGGTCCAC-1,0.079,False
GAACATCCATAGGATA-1,0.117,False
GAACATCGTGGCTCCA-1,0.067,False
GAACATCGTTTGTGTG-1,0.098,False
GAACATCTCGTCACGG-1,0.047,False
GAACATCTCTGCCAGG-1,0.303,False
GAACCTAAGCCAGGAT-1,0.152,False
GAACCTAGTATAATGG-1,0.125,False
GAACCTAGTATATGAG-1,0.079,False
GAACCTAGTCGACTGC-1,0.075,False
GAACCTATCCAATGGT-1,0.125,False
GAACCTATCCGCATAA-1,0.032,False
GAACCTATCTCGTATT-1,0.164,False
GAACGGAAGGGATGGG-1,0.037,False
GAACGGAAGTGGTAAT-1,0.024,False
GAACGGACAAAGTCAA-1,0.176,False
GAACGGACAATTCCTT-1,0.037,False
GAACGGAGTAGGGTAC-1,0.176,False
GAACGGAGTCGCGAAA-1,0.11,False
GAACGGATCGTTTATC-1,0.083,False
GAACGGATCTCCAGGG-1,0.052,False
GAAGCAGCACGAAACG-1,0.152,False
GAAGCAGGTCCAGTGC-1,0.11,False
GAAGCAGGTCTCAACA-1,0.142,False
GAATAAGCACTGCCAG-1,0.142,False
GAATAAGCAGTATGCT-1,0.176,False
GAATAAGTCGAATGCT-1,0.226,False
GAATGAAAGGCTAGAC-1,0.075,False
GAATGAATCATATCGG-1,0.088,False
GAATGAATCTTAGAGC-1,0.028,False
GACACGCCACCAGTTA-1,0.03,False
GACACGCCATGACGGA-1,0.043,False
GACACGCTCACTATTC-1,0.098,False
GACAGAGAGAATGTTG-1,0.247,False
GACAGAGCAAAGAATC-1,0.142,False
GACAGAGTCATGTGGT-1,0.083,False
GACCAATCAATTCCTT-1,0.05,False
GACCAATCACCAGTTA-1,0.104,False
GACCAATGTTCGTGAT-1,0.071,False
GACCAATTCCACGCAG-1,0.093,False
GACCAATTCGGTGTCG-1,0.071,False
GACCTGGCAAGCCCAC-1,0.043,False
GACCTGGCACACTGCG-1,0.125,False
GACCTGGCACCAACCG-1,0.055,False
GACCTGGCACGTTGGC-1,0.079,False
GACCTGGCATGGGACA-1,0.061,False
GACCTGGCATGTCCTC-1,0.164,False
GACCTGGGTAACGACG-1,0.098,False
GACCTGGTCAAAGTAG-1,0.045,False
GACCTGGTCTGAAAGA-1,0.11,False
GACGCGTAGGAGCGTT-1,0.043,False
GACGCGTCACCTCGGA-1,0.083,False
GACGCGTTCGCAAGCC-1,0.039,False
GACGGCTAGCACACAG-1,0.117,False
GACGGCTAGCCAGGAT-1,0.098,False
GACGGCTAGTGTGGCA-1,0.047,False
GACGGCTCAGGAATGC-1,0.071,False
GACGGCTGTGGTGTAG-1,0.061,False
GACGGCTGTTATCACG-1,0.098,False
GACGTGCGTCAACTGT-1,0.032,False
GACGTTAAGAGTAATC-1,0.061,False
GACGTTACAAATACAG-1,0.055,False
GACGTTACACGGTGTC-1,0.125,False
GACGTTATCATGCAAC-1,0.088,False
GACTAACAGAGCTGCA-1,0.015,False
GACTAACAGATGTAAC-1,0.061,False
GACTAACCACGGATAG-1,0.067,False
GACTAACCATGACGGA-1,0.11,False
GACTAACCATTCTCAT-1,0.035,False
GACTAACGTCATATGC-1,0.273,False
GACTAACGTCTCCACT-1,0.191,False
GACTAACTCAGGATCT-1,0.079,False
GACTACAAGAGGTAGA-1,0.058,False
GACTACAAGATAGCAT-1,0.079,False
GACTACAAGGGCACTA-1,0.142,False
GACTACACAAAGAATC-1,0.075,False
GACTACACAAATCCGT-1,0.058,False
GACTACACACTTAACG-1,0.11,False
GACTACACATATACCG-1,0.039,False
GACTGCGAGCAATATG-1,0.075,False
GACTGCGGTACTTAGC-1,0.088,False
GACTGCGTCGCATGAT-1,0.273,False
GAGCAGAAGCTGAACG-1,0.03,False
GAGCAGATCACCACCT-1,0.027,False
GAGCAGATCTGTCCGT-1,0.11,False
GAGGTGAAGGAGCGAG-1,0.055,False
GAGGTGAAGGCACATG-1,0.013,False
GAGGTGACATGCAACT-1,0.247,False
GAGGTGAGTTACGACT-1,0.142,False
GAGGTGAGTTAGGGTG-1,0.052,False
GAGGTGATCGCATGAT-1,0.104,False
GAGGTGATCTTAGAGC-1,0.032,False
GAGGTGATCTTATCTG-1,0.142,False
GAGGTGATCTTGAGAC-1,0.047,False
GAGTCCGAGTACTTGC-1,0.058,False
GAGTCCGCACCCATGG-1,0.11,False
GAGTCCGCATGATCCA-1,0.104,False
GAGTCCGGTCGCATAT-1,0.037,False
GAGTCCGGTCTCCCTA-1,0.037,False
GAGTCCGTCGGAGGTA-1,0.064,False
GATCAGTCAAGTAGTA-1,0.024,False
GATCAGTCAATCGGTT-1,0.273,False
GATCAGTGTAGCTAAA-1,0.226,False
GATCAGTTCCACGAAT-1,0.079,False
GATCGATAGAGCCCAA-1,0.142,False
GATCGATAGGGATGGG-1,0.098,False
GATCGATCACTTAACG-1,0.058,False
GATCGATCACTTCTGC-1,0.117,False
GATCGATGTATTAGCC-1,0.047,False
GATCGCGAGATCGATA-1,0.015,False
GATCGCGAGTTGTAGA-1,0.125,False
GATCGCGCAATAAGCA-1,0.05,False
GATCGCGGTCCGCTGA-1,0.041,False
GATCGTACATGCCCGA-1,0.088,False
GATCGTAGTTTAGGAA-1,0.075,False
GATCGTAGTTTGTTTC-1,0.083,False
GATCTAGAGGACACCA-1,0.104,False
GATCTAGGTCGCATAT-1,0.098,False
GATGAAACAGCCAATT-1,0.079,False
GATGAAACATCAGTCA-1,0.047,False
GATGAAAGTGCCTGGT-1,0.026,False
GATGAAATCGCATGAT-1,0.142,False
GATGAGGCAAGGACAC-1,0.098,False
GATGAGGCAGACAAGC-1,0.152,False
GATGAGGCAGGTTTCA-1,0.058,False
GATGAGGGTACTCAAC-1,0.039,False
GATGAGGTCCTTTCGG-1,0.142,False
GATGAGGTCGGCGGTT-1,0.061,False
GATGCTAAGTGGCACA-1,0.079,False
GATGCTACAAGCGTAG-1,0.067,False
GATGCTAGTATCACCA-1,0.34,False
GATGCTAGTGAGCGAT-1,0.064,False
GATTCAGAGTACTTGC-1,0.055,False
GATTCAGCAATCTGCA-1,0.303,False
GATTCAGCAGACAGGT-1,0.34,False
GATTCAGCATCCAACA-1,0.061,False
GATTCAGGTTTAAGCC-1,0.075,False
GATTCAGTCCGCTGTT-1,0.027,False
GATTCAGTCTGATACG-1,0.041,False
GCAAACTAGACAGAGA-1,0.043,False
GCAAACTAGTACACCT-1,0.088,False
GCAAACTAGTACGACG-1,0.035,False
GCAAACTCATAAGACA-1,0.093,False
GCAAACTGTGATAAGT-1,0.125,False
GCAAACTGTTCGCGAC-1,0.024,False
GCAAACTTCAAGAAGT-1,0.133,False
GCAAACTTCACCTTAT-1,0.104,False
GCAATCAAGAGCTATA-1,0.083,False
GCAATCAAGAGTAATC-1,0.061,False
GCAATCAAGCCCTAAT-1,0.088,False
GCAATCACAATGGAAT-1,0.067,False
GCAATCAGTCTAAACC-1,0.055,False
GCAATCAGTTATCGGT-1,0.303,False
GCAATCATCACTATTC-1,0.041,False
GCAATCATCACTTATC-1,0.125,False
GCAATCATCGCAGGCT-1,0.041,False
GCACATACAGAGTGTG-1,0.11,False
GCACATACATTGAGCT-1,0.104,False
GCACATAGTAGTAGTA-1,0.075,False
GCACATAGTCATTAGC-1,0.035,False
GCACATATCAACGAAA-1,0.133,False
GCACATATCCTCAATT-1,0.075,False
GCACTCTAGGCTCTTA-1,0.164,False
GCACTCTAGTACTTGC-1,0.055,False
GCACTCTAGTGTTAGA-1,0.067,False
GCACTCTCAATCTGCA-1,0.041,False
GCACTCTCAGGCGATA-1,0.052,False
GCACTCTCAGTGACAG-1,0.133,False
GCACTCTCAGTTCATG-1,0.064,False
GCACTCTGTTGATTGC-1,0.34,False
GCACTCTTCAACGCTA-1,0.083,False
GCACTCTTCGGCGCTA-1,0.039,False
GCACTCTTCGTCACGG-1,0.079,False
GCAGCCAAGAAGAAGC-1,0.142,False
GCAGCCAAGCTTTGGT-1,0.052,False
GCAGCCACACAAGACG-1,0.083,False
GCAGCCATCAGCTGGC-1,0.104,False
GCAGCCATCATGCTCC-1,0.064,False
GCAGCCATCCATGCTC-1,0.226,False
GCAGCCATCGTGGGAA-1,0.047,False
GCAGCCATCTATGTGG-1,0.039,False
GCAGCCATCTCTGTCG-1,0.191,False
GCAGTTAAGAGCTATA-1,0.055,False
GCAGTTACAACTTGAC-1,0.061,False
GCAGTTACATCGGACC-1,0.079,False
GCAGTTAGTAGCAAAT-1,0.079,False
GCAGTTATCTCTAGGA-1,0.075,False
GCATACAAGGCTAGGT-1,0.058,False
GCATACAAGGGTCGAT-1,0.039,False
GCATACAGTAAACACA-1,0.133,False
GCATACAGTACAAGTA-1,0.02,False
GCATACAGTCTTCAAG-1,0.045,False
GCATACATCTACTCAT-1,0.067,False
GCATGATAGATCCCGC-1,0.176,False
GCATGATGTCGCGTGT-1,0.064,False
GCATGATGTGTAATGA-1,0.226,False
GCATGCGAGTGAACAT-1,0.043,False
GCATGCGAGTTAACGA-1,0.093,False
GCATGCGGTCCGCTGA-1,0.125,False
GCATGCGGTTGAACTC-1,0.05,False
GCATGTAAGAAGGTTT-1,0.164,False
GCATGTAAGTCAAGGC-1,0.273,False
GCATGTAAGTGCCATT-1,0.11,False
GCATGTACAAACAACA-1,0.083,False
GCATGTAGTTACAGAA-1,0.061,False
GCATGTAGTTCGGCAC-1,0.05,False
GCATGTATCAGATAAG-1,0.079,False
GCCAAATAGCATCATC-1,0.014,False
GCCAAATCACATTAGC-1,0.067,False
GCCTCTAAGGGTGTTG-1,0.093,False
GCCTCTAAGTTATCGC-1,0.055,False
GCCTCTACAGTCCTTC-1,0.079,False
GCCTCTAGTGATGCCC-1,0.067,False
GCCTCTAGTGCCTGCA-1,0.098,False
GCCTCTATCCTTAATC-1,0.125,False
GCCTCTATCGACCAGC-1,0.164,False
GCCTCTATCTAGCACA-1,0.061,False
GCGACCACATGCGCAC-1,0.05,False
GCGACCAGTGCACGAA-1,0.083,False
GCGACCATCTTGCATT-1,0.058,False
GCGAGAACAAAGTCAA-1,0.226,False
GCGAGAAGTTCCCGAG-1,0.098,False
GCGAGAATCCAGAAGG-1,0.064,False
GCGAGAATCCATGCTC-1,0.11,False
GCGCAACAGAAGGACA-1,0.133,False
GCGCAACCAGTCAGCC-1,0.03,False
GCGCAACGTAAACCTC-1,0.083,False
GCGCAACTCAACGCTA-1,0.075,False
GCGCAACTCGTTGACA-1,0.019,False
GCGCAACTCTCGCATC-1,0.052,False
GCGCAACTCTGGGCCA-1,0.045,False
GCGCAGTAGAGACTTA-1,0.032,False
GCGCAGTAGGTTACCT-1,0.125,False
GCGCAGTAGTCCCACG-1,0.033,False
GCGCAGTGTACGACCC-1,0.016,False
GCGCCAACAAGCCTAT-1,0.125,False
GCGCCAACATGGTCAT-1,0.045,False
GCGCCAACATTGGTAC-1,0.064,False
GCGCCAAGTTACTGAC-1,0.093,False
GCGCCAAGTTGTACAC-1,0.024,False
GCGCCAATCTTAGCCC-1,0.133,False
GCGCGATCAGACAAAT-1,0.05,False
GCGCGATTCTGTCAAG-1,0.247,False
GCGGGTTAGGATATAC-1,0.117,False
GCGGGTTAGTGAACGC-1,0.035,False
GCGGGTTCAGCATGAG-1,0.061,False
GCGGGTTCAGGCAGTA-1,0.142,False
GCGGGTTCATCTATGG-1,0.11,False
GCGGGTTGTACCGTAT-1,0.071,False
GCGGGTTGTATAAACG-1,0.055,False
GCGGGTTTCATGCATG-1,0.164,False
GCGGGTTTCGAACTGT-1,0.05,False
GCGGGTTTCGACCAGC-1,0.117,False
GCTCCTAAGCTTCGCG-1,0.05,False
GCTCCTACAATGAATG-1,0.061,False
GCTCCTACAGACGCCT-1,0.071,False
GCTCCTACAGCTATTG-1,0.026,False
GCTCCTACATACAGCT-1,0.088,False
GCTCCTAGTCCATGAT-1,0.052,False
GCTCCTATCACTTCAT-1,0.104,False
GCTCTGTAGAGTCTGG-1,0.061,False
GCTCTGTAGGTGCTTT-1,0.067,False
GCTCTGTCACCAACCG-1,0.152,False
GCTCTGTCAGCTTCGG-1,0.152,False
GCTCTGTCATCACAAC-1,0.098,False
GCTCTGTGTAAATGAC-1,0.133,False
GCTCTGTGTATTACCG-1,0.03,False
GCTCTGTTCTAACTTC-1,0.207,False
GCTGCAGAGCTAACTC-1,0.152,False
GCTGCAGGTTCGCTAA-1,0.022,False
GCTGCAGTCGTTGCCT-1,0.079,False
GCTGCGAAGAGTCTGG-1,0.064,False
GCTGCGAAGCAACGGT-1,0.083,False
GCTGCGAAGGTGATAT-1,0.032,False
GCTGCGAGTATAAACG-1,0.11,False
GCTGCGAGTTGAGGTG-1,0.067,False
GCTGCGATCGCTGATA-1,0.093,False
GCTGCGATCGTTTAGG-1,0.083,False
GCTGCTTAGCATGGCA-1,0.273,False
GCTGCTTAGTCCTCCT-1,0.05,False
GCTGCTTCAAACCCAT-1,0.34,False
GCTGCTTCACGTGAGA-1,0.05,False
GCTGCTTCAGGAACGT-1,0.079,False
GCTGCTTGTGATAAAC-1,0.083,False
GCTGGGTAGAAGAAGC-1,0.104,False
GCTGGGTAGCGATATA-1,0.176,False
GCTGGGTAGTCCGGTC-1,0.142,False
GCTGGGTCAGTAAGCG-1,0.098,False
GCTGGGTCATCACCCT-1,0.098,False
GCTGGGTCATTAGGCT-1,0.061,False
GCTGGGTGTATATGGA-1,0.093,False
GCTGGGTTCAAGAAGT-1,0.176,False
GCTGGGTTCCAACCAA-1,0.098,False
GCTGGGTTCGTAGGAG-1,0.043,False
GCTTCCAAGTGCTGCC-1,0.104,False
GCTTCCACAAACCTAC-1,0.05,False
GCTTCCACAAGTACCT-1,0.041,False
GCTTCCACATCATCCC-1,0.055,False
GCTTCCACATCGGGTC-1,0.075,False
GCTTCCAGTAGGCATG-1,0.067,False
GCTTCCAGTCAGAGGT-1,0.098,False
GCTTCCAGTTGCGCAC-1,0.064,False
GCTTCCATCGTGGTCG-1,0.058,False
GCTTGAAGTACCATCA-1,0.037,False
GCTTGAAGTCATATCG-1,0.11,False
GCTTGAAGTCCGTGAC-1,0.079,False
GCTTGAAGTTGGTAAA-1,0.385,False
GCTTGAATCAAAGTAG-1,0.152,False
GCTTGAATCAATAAGG-1,0.064,False
GCTTGAATCCTCATTA-1,0.142,False
GGAAAGCCATACTACG-1,0.064,False
GGAAAGCTCATGCTCC-1,0.067,False
GGAACTTAGCCAACAG-1,0.098,False
GGAACTTCAATAACGA-1,0.142,False
GGAACTTCAGCTGTTA-1,0.075,False
GGAACTTGTCGCATAT-1,0.071,False
GGAACTTGTGCGGTAA-1,0.058,False
GGAACTTTCAATAAGG-1,0.039,False
GGAATAAAGGCTATCT-1,0.152,False
GGAATAAGTACGCTGC-1,0.303,False
GGAATAAGTGGCAAAC-1,0.01,False
GGAATAATCCCTCAGT-1,0.028,False
GGAATAATCTATGTGG-1,0.067,False
GGAATAATCTCTTGAT-1,0.067,False
GGACAAGGTATAGGTA-1,0.041,False
GGACAAGGTGAAATCA-1,0.164,False
GGACAGACAAGACGTG-1,0.05,False
GGACAGACAAGCTGAG-1,0.023,False
GGACAGACACAGGCCT-1,0.071,False
GGACAGACAGGTCGTC-1,0.075,False
GGACAGAGTGAACCTT-1,0.023,False
GGACAGAGTTAGTGGG-1,0.05,False
GGACATTGTGAGGGTT-1,0.176,False
GGACATTGTGTCCTCT-1,0.03,False
GGACATTTCATGTCCC-1,0.043,False
GGACATTTCCTTGCCA-1,0.064,False
GGACATTTCGTCTGAA-1,0.047,False
GGACGTCAGCTACCTA-1,0.058,False
GGACGTCAGGCTAGGT-1,0.01,False
GGACGTCAGGGAACGG-1,0.052,False
GGACGTCTCATCTGTT-1,0.075,False
GGACGTCTCGCCCTTA-1,0.071,False
GGAGCAAAGTCTCCTC-1,0.226,False
GGAGCAAGTCGTCTTC-1,0.067,False
GGAGCAAGTTATCCGA-1,0.075,False
GGAGCAATCCAAGCCG-1,0.125,False
GGATGTTAGATGTTAG-1,0.071,False
GGATGTTAGTGGTAGC-1,0.088,False
GGATGTTCACGAAAGC-1,0.098,False
GGATGTTCAGGGTACA-1,0.093,False
GGATGTTCATTGGCGC-1,0.041,False
GGATGTTGTATCACCA-1,0.064,False
GGATGTTTCGACAGCC-1,0.071,False
GGATGTTTCGGGAGTA-1,0.133,False
GGATTACAGAAGGACA-1,0.088,False
GGATTACTCACGACTA-1,0.191,False
GGCAATTAGAGTAATC-1,0.024,False
GGCAATTAGGGTTTCT-1,0.075,False
GGCAATTAGTAGATGT-1,0.207,False
GGCAATTCAAGTTCTG-1,0.176,False
GGCAATTGTCACCCAG-1,0.061,False
GGCAATTGTCGCGGTT-1,0.067,False
GGCAATTGTGCACCAC-1,0.11,False
GGCCGATAGTCCGTAT-1,0.133,False
GGCCGATAGTGGAGAA-1,0.133,False
GGCCGATCAATGCCAT-1,0.075,False
GGCCGATCAGCTGCAC-1,0.071,False
GGCCGATCAGGTTTCA-1,0.052,False
GGCCGATGTAAACGCG-1,0.11,False
GGCCGATGTGCATCTA-1,0.093,False
GGCCGATTCATACGGT-1,0.11,False
GGCGACTCAATTGCTG-1,0.104,False
GGCGACTGTAGCCTAT-1,0.058,False
GGCGACTGTGCGAAAC-1,0.035,False
GGCGACTTCATAACCG-1,0.125,False
GGCGACTTCGTTTAGG-1,0.027,False
GGCGTGTCACTGAAGG-1,0.075,False
GGCGTGTGTGACAAAT-1,0.033,False
GGCGTGTTCACAACGT-1,0.014,False
GGCTCGAAGACTAGGC-1,0.041,False
GGCTCGAAGCAGCGTA-1,0.142,False
GGCTCGACAGACAAGC-1,0.079,False
GGCTCGACATTAACCG-1,0.098,False
GGCTCGATCAGGATCT-1,0.176,False
GGCTCGATCGGATGTT-1,0.035,False
GGCTGGTAGACACGAC-1,0.075,False
GGCTGGTAGACGACGT-1,0.11,False
GGCTGGTAGGTGATAT-1,0.098,False
GGCTGGTAGTATGACA-1,0.176,False
GGCTGGTCACCAGATT-1,0.052,False
GGCTGGTCACTGTCGG-1,0.098,False
GGCTGGTGTCCGTCAG-1,0.075,False
GGCTGGTGTGTTTGTG-1,0.067,False
GGCTGGTGTTAAGGGC-1,0.142,False
GGCTGGTTCCTCGCAT-1,0.058,False
GGCTGGTTCCTTGCCA-1,0.088,False
GGCTGGTTCTTAGAGC-1,0.055,False
GGGAATGAGGCAATTA-1,0.142,False
GGGAATGGTGGTGTAG-1,0.083,False
GGGACCTAGAACAATC-1,0.071,False
GGGACCTAGCTAACTC-1,0.033,False
GGGACCTCAAGGCTCC-1,0.164,False
GGGACCTGTGAGTATA-1,0.083,False
GGGACCTTCGTTGCCT-1,0.055,False
GGGACCTTCTACTATC-1,0.098,False
GGGACCTTCTTACCTA-1,0.104,False
GGGAGATAGTAGGCCA-1,0.191,False
GGGAGATCACCGCTAG-1,0.024,False
GGGAGATTCAACTCTT-1,0.226,False
GGGAGATTCATGTGGT-1,0.071,False
GGGAGATTCTGCGTAA-1,0.226,False
GGGATGAAGTTAGGTA-1,0.098,False
GGGATGAGTAAGTTCC-1,0.079,False
GGGATGAGTACTTCTT-1,0.027,False
GGGATGAGTGGGTCAA-1,0.061,False
GGGATGATCCTGCCAT-1,0.037,False
GGGATGATCTCACATT-1,0.035,False
GGGCACTAGTACGCGA-1,0.028,False
GGGCACTCAGCTATTG-1,0.273,False
GGGCACTTCCGTCATC-1,0.075,False
GGGCACTTCTTCAACT-1,0.117,False
GGGCATCCAAGAGTCG-1,0.064,False
GGGCATCCACCCATGG-1,0.083,False
GGGCATCCATTAGCCA-1,0.104,False
GGGCATCGTATATGAG-1,0.033,False
GGGCATCGTCGAAAGC-1,0.117,False
GGGTCTGAGTTCGCGC-1,0.079,False
GGGTCTGCAGTGAGTG-1,0.191,False
GGGTCTGCATCACAAC-1,0.125,False
GGGTCTGGTGGTCTCG-1,0.071,False
GGGTCTGTCAGTTCGA-1,0.088,False
GGGTCTGTCCAGAGGA-1,0.071,False
GGGTCTGTCGGATGTT-1,0.142,False
GGGTCTGTCTCTGTCG-1,0.142,False
GGGTTGCAGAGTGACC-1,0.207,False
GGGTTGCAGGACTGGT-1,0.104,False
GGGTTGCCAGGGTATG-1,0.075,False
GGGTTGCCAGTCGATT-1,0.34,False
GGGTTGCGTATGAAAC-1,0.207,False
GGGTTGCGTTACGACT-1,0.052,False
GGGTTGCTCAAGCCTA-1,0.019,False
GGGTTGCTCTGTCTCG-1,0.098,False
GGTATTGAGAAACGAG-1,0.093,False
GGTATTGCACTATCTT-1,0.071,False
GGTATTGCATTACGAC-1,0.032,False
GGTATTGGTCTAGTGT-1,0.093,False
GGTATTGTCAACACCA-1,0.191,False
GGTATTGTCCTAGAAC-1,0.067,False
GGTATTGTCTCGCATC-1,0.088,False
GGTGAAGAGATCTGAA-1,0.043,False
GGTGAAGAGCGATTCT-1,0.191,False
GGTGAAGGTAATTGGA-1,0.075,False
GGTGAAGTCAAAGACA-1,0.273,False
GGTGAAGTCATATCGG-1,0.142,False
GGTGCGTCACGAGGTA-1,0.247,False
GGTGCGTCATTCTCAT-1,0.088,False
GGTGCGTGTCTTCAAG-1,0.061,False
GGTGCGTTCTAACTTC-1,0.05,False
GGTGTTAAGAAACGAG-1,0.033,False
GGTGTTAAGATCTGAA-1,0.064,False
GGTGTTAAGGGAACGG-1,0.079,False
GGTGTTACACATCCGG-1,0.104,False
GGTGTTACACTGCCAG-1,0.142,False
GGTGTTACAGATAATG-1,0.039,False
GGTGTTACAGTAAGCG-1,0.125,False
GGTGTTACATTACCTT-1,0.142,False
GGTGTTAGTAGAAAGG-1,0.052,False
GGTGTTAGTAGCAAAT-1,0.152,False
GGTGTTAGTTCAGCGC-1,0.055,False
GGTGTTAGTTCCCTTG-1,0.055,False
GGTGTTATCAGGCAAG-1,0.098,False
GGTGTTATCCGAAGAG-1,0.176,False
GGTGTTATCGTTTAGG-1,0.05,False
GTAACGTCACACGCTG-1,0.02,False
GTAACGTGTATGGTTC-1,0.067,False
GTAACGTTCCTAGAAC-1,0.11,False
GTAACTGAGGTACTCT-1,0.303,False
GTAACTGAGTAGTGCG-1,0.024,False
GTAACTGCAATAACGA-1,0.061,False
GTAACTGCATACGCCG-1,0.064,False
GTAACTGCATCACGTA-1,0.117,False
GTACGTACAGAGTGTG-1,0.11,False
GTACGTATCAGCATGT-1,0.079,False
GTACGTATCCTCATTA-1,0.028,False
GTACGTATCTCTAGGA-1,0.164,False
GTACGTATCTTTACAC-1,0.052,False
GTACTCCAGAGCTGCA-1,0.047,False
GTACTCCGTAGTGAAT-1,0.079,False
GTACTCCGTATCTGCA-1,0.075,False
GTACTCCGTTAAGTAG-1,0.083,False
GTACTCCTCAAGGTAA-1,0.075,False
GTACTTTCACACAGAG-1,0.176,False
GTACTTTCACCGGAAA-1,0.015,False
GTACTTTCACCTATCC-1,0.079,False
GTACTTTCATTATCTC-1,0.041,False
GTACTTTGTTCTGGTA-1,0.226,False
GTACTTTTCAGGTAAA-1,0.041,False
GTACTTTTCCATTCTA-1,0.045,False
GTAGGCCGTATGAAAC-1,0.079,False
GTAGGCCGTGTTTGGT-1,0.11,False
GTAGTCACAATAACGA-1,0.058,False
GTAGTCACAGTCAGCC-1,0.079,False
GTAGTCAGTTTCGCTC-1,0.176,False
GTAGTCATCCCTCTTT-1,0.152,False
GTATCTTAGGTGCACA-1,0.043,False
GTATCTTCAGATGAGC-1,0.047,False
GTATCTTCAGTAGAGC-1,0.152,False
GTATCTTCAGTCAGAG-1,0.093,False
GTATCTTGTCTCCACT-1,0.03,False
GTATCTTGTTCGTGAT-1,0.117,False
GTATCTTTCATAAAGG-1,0.226,False
GTATCTTTCTGCGGCA-1,0.125,False
GTATTCTAGATCTGCT-1,0.117,False
GTATTCTAGCGATTCT-1,0.125,False
GTATTCTAGCTAAGAT-1,0.047,False
GTATTCTCAATCTACG-1,0.104,False
GTATTCTCATACGCCG-1,0.152,False
GTATTCTGTCAACTGT-1,0.142,False
GTCAAGTAGATGAGAG-1,0.071,False
GTCAAGTAGTACGTAA-1,0.035,False
GTCAAGTGTCTCTTAT-1,0.142,False
GTCAAGTTCTATGTGG-1,0.117,False
GTCACAAAGAGTAATC-1,0.093,False
GTCACAACACGGTAGA-1,0.088,False
GTCACAACATGACATC-1,0.385,False
GTCACAACATGTAGTC-1,0.026,False
GTCACAAGTAGCGATG-1,0.152,False
GTCACAAGTTCAGCGC-1,0.052,False
GTCACAAGTTTGACTG-1,0.064,False
GTCACAATCAAAGACA-1,0.079,False
GTCACAATCTCTGTCG-1,0.088,False
GTCACAATCTGCCCTA-1,0.035,False
GTCACGGAGAGAACAG-1,0.052,False
GTCACGGTCACATGCA-1,0.152,False
GTCACGGTCACGATGT-1,0.055,False
GTCATTTAGATGGGTC-1,0.34,False
GTCATTTCAATCGAAA-1,0.11,False
GTCATTTCACAGGAGT-1,0.088,False
GTCATTTGTGGTTTCA-1,0.226,False
GTCATTTGTTAAAGTG-1,0.104,False
GTCATTTTCGCGATCG-1,0.05,False
GTCATTTTCGGTGTCG-1,0.117,False
GTCCTCAAGACACTAA-1,0.104,False
GTCCTCAAGACTAGGC-1,0.088,False
GTCCTCAAGAGTCTGG-1,0.05,False
GTCCTCACAAGTTGTC-1,0.075,False
GTCCTCACAATGGAGC-1,0.191,False
GTCCTCACATCTATGG-1,0.125,False
GTCCTCATCATGTCCC-1,0.018,False
GTCCTCATCTTAACCT-1,0.191,False
GTCGGGTGTCGCGGTT-1,0.083,False
GTCGGGTTCCAAGCCG-1,0.11,False
GTCGTAAAGACAGACC-1,0.098,False
GTCGTAAAGACTGTAA-1,0.079,False
GTCGTAAAGATGTGTA-1,0.075,False
GTCGTAACAAGAGTCG-1,0.207,False
GTCGTAAGTCCTAGCG-1,0.117,False
GTCGTAATCAGCATGT-1,0.117,False
GTCGTAATCATCTGCC-1,0.079,False
GTCGTAATCGGCTTGG-1,0.164,False
GTCGTAATCTATCCTA-1,0.043,False
GTCTCGTAGTCATCCA-1,0.058,False
GTCTCGTTCCTGTAGA-1,0.164,False
GTGAAGGCACTATCTT-1,0.014,False
GTGAAGGTCACGATGT-1,0.142,False
GTGCAGCAGTATCTCG-1,0.191,False
GTGCAGCAGTTTAGGA-1,0.117,False
GTGCAGCCAGACGCTC-1,0.045,False
GTGCAGCCATCCAACA-1,0.037,False
GTGCAGCGTCTCTCTG-1,0.142,False
GTGCATAAGCACCGTC-1,0.075,False
GTGCATAAGCGCCTTG-1,0.11,False
GTGCATACAGATGAGC-1,0.098,False
GTGCATACAGTCAGCC-1,0.079,False
GTGCATAGTTCCCTTG-1,0.142,False
GTGCATATCTAGAGTC-1,0.226,False
GTGCATATCTGTTGAG-1,0.055,False
GTGCGGTAGACTAAGT-1,0.104,False
GTGCGGTGTCAACATC-1,0.035,False
GTGCGGTTCCGAAGAG-1,0.05,False
GTGCTTCAGATATACG-1,0.071,False
GTGCTTCAGTAAGTAC-1,0.083,False
GTGCTTCGTCTTTCAT-1,0.152,False
GTGCTTCGTGACAAAT-1,0.117,False
GTGCTTCTCTACCAGA-1,0.093,False
GTGGGTCAGAAACGAG-1,0.075,False
GTGGGTCAGCAATCTC-1,0.083,False
GTGGGTCAGCAGCGTA-1,0.117,False
GTGGGTCAGGTGATAT-1,0.052,False
GTGGGTCAGTTAGGTA-1,0.247,False
GTGGGTCCACCTGGTG-1,0.133,False
GTGGGTCCATCTCCCA-1,0.247,False
GTGGGTCGTCAATACC-1,0.142,False
GTGGGTCTCAACGGGA-1,0.061,False
GTGGGTCTCGATAGAA-1,0.247,False
GTGGGTCTCGCATGAT-1,0.019,False
GTGGGTCTCTTGCAAG-1,0.052,False
GTGTGCGAGAGCAATT-1,0.191,False
GTGTGCGCAGTGGAGT-1,0.058,False
GTGTGCGCAGTTCCCT-1,0.052,False
GTGTGCGCAGTTTACG-1,0.067,False
GTGTTAGAGACCACGA-1,0.164,False
GTGTTAGAGCAGGTCA-1,0.03,False
GTGTTAGCAGTAGAGC-1,0.055,False
GTGTTAGTCCTGCCAT-1,0.079,False
GTTAAGCAGCGTTCCG-1,0.045,False
GTTAAGCTCACGCATA-1,0.061,False
GTTAAGCTCAGGCCCA-1,0.117,False
GTTAAGCTCGAACTGT-1,0.125,False
GTTAAGCTCTCTGAGA-1,0.052,False
GTTACAGAGTGAAGTT-1,0.032,False
GTTACAGCAATTCCTT-1,0.226,False
GTTACAGCATAGTAAG-1,0.055,False
GTTACAGGTCTTGTCC-1,0.05,False
GTTACAGTCATTATCC-1,0.047,False
GTTACAGTCTTTAGTC-1,0.34,False
GTTCATTAGGAGTTTA-1,0.058,False
GTTCATTCACATTAGC-1,0.026,False
GTTCATTGTCACAAGG-1,0.273,False
GTTCATTGTCTCTTTA-1,0.11,False
GTTCATTGTTCTGTTT-1,0.039,False
GTTCATTGTTGTACAC-1,0.226,False
GTTCATTTCAACACAC-1,0.164,False
GTTCATTTCCTAAGTG-1,0.34,False
GTTCGGGCAAGTACCT-1,0.207,False
GTTCGGGGTACAGACG-1,0.075,False
GTTCGGGTCAGGATCT-1,0.125,False
GTTCGGGTCTGTACGA-1,0.079,False
GTTCTCGAGATCGATA-1,0.207,False
GTTCTCGAGCCACTAT-1,0.104,False
GTTCTCGCAAGTTCTG-1,0.022,False
GTTCTCGCACGAAATA-1,0.052,False
GTTCTCGGTAGATTAG-1,0.064,False
GTTCTCGGTGATGTCT-1,0.075,False
GTTCTCGTCTACTCAT-1,0.019,False
GTTTCTAAGACACGAC-1,0.075,False
GTTTCTAAGACTAGAT-1,0.05,False
GTTTCTACATCCGTGG-1,0.164,False
GTTTCTAGTACTTAGC-1,0.247,False
GTTTCTAGTCGGCATC-1,0.067,False
GTTTCTAGTGACTCAT-1,0.05,False
GTTTCTAGTTTCCACC-1,0.05,False
GTTTCTATCTCAACTT-1,0.039,False
TAAACCGAGAAGAAGC-1,0.164,False
TAAACCGAGGCGCTCT-1,0.055,False
TAAACCGCAAGCGATG-1,0.093,False
TAAACCGCACCCTATC-1,0.075,False
TAAACCGGTCCTCTTG-1,0.043,False
TAAACCGTCCGCGTTT-1,0.05,False
TAAGAGAAGGTTACCT-1,0.117,False
TAAGCGTAGAAAGTGG-1,0.05,False
TAAGCGTAGACAGACC-1,0.03,False
TAAGCGTAGCACCGTC-1,0.061,False
TAAGCGTAGGCATTGG-1,0.079,False
TAAGCGTGTAGCGATG-1,0.075,False
TAAGTGCAGGGAACGG-1,0.016,False
TAAGTGCAGTCTTGCA-1,0.093,False
TAAGTGCCACCGGAAA-1,0.083,False
TAAGTGCCATGCAACT-1,0.039,False
TAAGTGCGTTAGGGTG-1,0.104,False
TAAGTGCTCTACCTGC-1,0.083,False
TACACGACACTACAGT-1,0.11,False
TACACGATCGCTTAGA-1,0.027,False
TACACGATCGTATCAG-1,0.191,False
TACAGTGAGCGATGAC-1,0.226,False
TACAGTGCACGTAAGG-1,0.098,False
TACAGTGCAGTCACTA-1,0.055,False
TACAGTGCATAGACTC-1,0.125,False
TACCTATAGAATTCCC-1,0.088,False
TACCTATCACGCTTTC-1,0.133,False
TACCTATCAGGACGTA-1,0.058,False
TACCTATCATCTATGG-1,0.117,False
TACCTATCATTACCTT-1,0.061,False
TACCTATTCATCGGAT-1,0.125,False
TACCTATTCTAGCACA-1,0.055,False
TACCTTAAGCCTATGT-1,0.061,False
TACCTTACAAACCCAT-1,0.093,False
TACCTTACAGACGCTC-1,0.071,False
TACCTTACAGCCAGAA-1,0.075,False
TACCTTAGTGGTTTCA-1,0.164,False
TACGGATAGCCCAATT-1,0.133,False
TACGGATTCTGTCTCG-1,0.093,False
TACGGGCAGACCTTTG-1,0.061,False
TACGGGCGTCAAACTC-1,0.176,False
TACGGGCGTCGAGTTT-1,0.055,False
TACGGGCGTTACGTCA-1,0.098,False
TACGGTAAGATCACGG-1,0.043,False
TACGGTAAGCTCCTCT-1,0.104,False
TACGGTACAACTGCGC-1,0.028,False
TACGGTAGTATGAATG-1,0.071,False
TACGGTAGTTGTACAC-1,0.045,False
TACGGTATCGGTCTAA-1,0.385,False
TACTCATAGAAACGCC-1,0.067,False
TACTCATAGGTAGCCA-1,0.11,False
TACTCATGTAATTGGA-1,0.142,False
TACTCATGTAGATTAG-1,0.037,False
TACTCGCAGTGCCAGA-1,0.093,False
TACTCGCAGTTAGGTA-1,0.125,False
TACTCGCCACTCGACG-1,0.088,False
TACTCGCGTAAGAGGA-1,0.142,False
TACTCGCTCATCGATG-1,0.058,False
TACTCGCTCGGAATCT-1,0.164,False
TACTCGCTCTCCGGTT-1,0.064,False
TACTTACAGACCCACC-1,0.052,False
TACTTACCAAGACGTG-1,0.075,False
TACTTACCACATGTGT-1,0.017,False
TACTTACCAGATCTGT-1,0.037,False
TACTTACGTACATCCA-1,0.117,False
TACTTACGTTGGAGGT-1,0.027,False
TACTTACTCACATAGC-1,0.191,False
TACTTACTCGAGCCCA-1,0.032,False
TACTTACTCTTTACAC-1,0.071,False
TACTTGTAGATCCCAT-1,0.052,False
TACTTGTAGCTGATAA-1,0.142,False
TACTTGTTCGCAAACT-1,0.075,False
TAGACCAAGAACTGTA-1,0.088,False
TAGACCAAGAGACTTA-1,0.075,False
TAGACCAAGATCACGG-1,0.058,False
TAGACCACAGCCTATA-1,0.041,False
TAGACCATCAGTTGAC-1,0.226,False
TAGAGCTGTTAAGTAG-1,0.083,False
TAGCCGGAGCTAAGAT-1,0.176,False
TAGCCGGAGTACGTTC-1,0.016,False
TAGCCGGCAATACGCT-1,0.104,False
TAGCCGGGTTGATTGC-1,0.05,False
TAGCCGGTCAGGATCT-1,0.083,False
TAGGCATAGACGCACA-1,0.133,False
TAGGCATCAATCAGAA-1,0.164,False
TAGGCATGTGGGTCAA-1,0.064,False
TAGTGGTCAAACCTAC-1,0.088,False
TAGTGGTGTAGAGGAA-1,0.098,False
TAGTGGTTCCTATGTT-1,0.071,False
TAGTTGGAGAGTACCG-1,0.05,False
TAGTTGGAGCCACGCT-1,0.133,False
TAGTTGGCACGAAGCA-1,0.039,False
TAGTTGGCAGTCTTCC-1,0.061,False
TAGTTGGCATCATCCC-1,0.039,False
TAGTTGGGTAGCTCCG-1,0.385,False
TAGTTGGGTGGCAAAC-1,0.061,False
TAGTTGGTCGCCAGCA-1,0.037,False
TAGTTGGTCTGTCTAT-1,0.055,False
TATCAGGAGAACTGTA-1,0.152,False
TATCAGGAGCAGCCTC-1,0.117,False
TATCAGGAGTAGATGT-1,0.104,False
TATCAGGCAATAAGCA-1,0.176,False
TATCAGGCAGTCACTA-1,0.303,False
TATCAGGGTATAGGGC-1,0.104,False
TATCAGGGTTTCCACC-1,0.125,False
TATCAGGTCTTGTCAT-1,0.088,False
TATCTCAAGAGTAAGG-1,0.207,False
TATCTCAAGATGTTAG-1,0.033,False
TATCTCAGTCAGCTAT-1,0.083,False
TATCTCATCGGCATCG-1,0.023,False
TATGCCCAGCGATAGC-1,0.207,False
TATGCCCAGTACACCT-1,0.033,False
TATGCCCCACCGCTAG-1,0.043,False
TATGCCCGTTCCCGAG-1,0.176,False
TATTACCAGCAATCTC-1,0.226,False
TATTACCCAGTAGAGC-1,0.075,False
TATTACCCATTTGCCC-1,0.037,False
TATTACCGTAGTAGTA-1,0.071,False
TATTACCGTCTAGCGC-1,0.142,False
TATTACCGTTAAAGAC-1,0.058,False
TATTACCTCACCTCGT-1,0.117,False
TCAACGAAGATGCCTT-1,0.093,False
TCAACGATCCTACAGA-1,0.075,False
TCAATCTAGCGCCTCA-1,0.05,False
TCAATCTAGGTGTGGT-1,0.079,False
TCAATCTCAAAGGTGC-1,0.05,False
TCAATCTCACGAAACG-1,0.047,False
TCAATCTGTGCGAAAC-1,0.133,False
TCAATCTTCTAAGCCA-1,0.207,False
TCACAAGAGAGGTAGA-1,0.11,False
TCACAAGAGATGCCAG-1,0.093,False
TCACAAGAGCGAGAAA-1,0.125,False
TCACAAGAGTGGGATC-1,0.039,False
TCACAAGCAGTATGCT-1,0.083,False
TCACAAGGTCTCAACA-1,0.176,False
TCACAAGTCAGAGGTG-1,0.098,False
TCACGAAAGAATCTCC-1,0.022,False
TCACGAAAGATATGCA-1,0.055,False
TCACGAAAGCCGATTT-1,0.052,False
TCACGAAAGTCTCGGC-1,0.133,False
TCACGAACACACAGAG-1,0.079,False
TCACGAACATTCCTGC-1,0.067,False
TCACGAAGTAGAGTGC-1,0.142,False
TCACGAATCTGTCTAT-1,0.05,False
TCAGATGAGGGAGTAA-1,0.075,False
TCAGATGCACCATCCT-1,0.047,False
TCAGATGTCAGCGACC-1,0.152,False
TCAGATGTCTTGTCAT-1,0.067,False
TCAGCAACAAATACAG-1,0.028,False
TCAGCAACACCGAAAG-1,0.273,False
TCAGCAACAGGATTGG-1,0.075,False
TCAGCAAGTTGTCGCG-1,0.11,False
TCAGCAAGTTGTTTGG-1,0.125,False
TCAGCTCTCTAACTCT-1,0.058,False
TCAGGATCAAGTCTAC-1,0.098,False
TCAGGATCACGTGAGA-1,0.152,False
TCAGGTAAGCTCCTTC-1,0.088,False
TCAGGTAAGGATGCGT-1,0.028,False
TCAGGTAAGTACCGGA-1,0.191,False
TCAGGTACATAAGACA-1,0.064,False
TCAGGTAGTGATAAAC-1,0.117,False
TCAGGTATCACTTACT-1,0.061,False
TCAGGTATCAGGCCCA-1,0.055,False
TCAGGTATCGCATGGC-1,0.152,False
TCATTACAGGTGTGGT-1,0.11,False
TCATTACCACATGGGA-1,0.035,False
TCATTACGTCAAAGAT-1,0.088,False
TCATTACGTTCAGGCC-1,0.104,False
TCATTACTCAAACGGG-1,0.083,False
TCATTACTCCTCATTA-1,0.071,False
TCATTACTCTTTCCTC-1,0.027,False
TCATTTGAGACTAGAT-1,0.037,False
TCATTTGCAGTCGATT-1,0.071,False
TCATTTGCATTCTTAC-1,0.035,False
TCATTTGGTTTCGCTC-1,0.075,False
TCATTTGTCAACTCTT-1,0.176,False
TCCACACAGCGACGTA-1,0.152,False
TCCACACAGTTTCCTT-1,0.098,False
TCCACACCAATGGACG-1,0.142,False
TCCACACCAGCTGTTA-1,0.037,False
TCCACACCATGAAGTA-1,0.11,False
TCCACACCATGAGCGA-1,0.093,False
TCCACACGTCACCTAA-1,0.104,False
TCCACACTCATAAAGG-1,0.045,False
TCCCGATAGTGTTGAA-1,0.176,False
TCCCGATCAACACCCG-1,0.041,False
TCCCGATCAATCCGAT-1,0.071,False
TCCCGATCACACCGCA-1,0.117,False
TCCCGATCATCCGTGG-1,0.075,False
TCCCGATGTCGATTGT-1,0.079,False
TCCCGATGTGGAAAGA-1,0.079,False
TCCCGATTCCTATGTT-1,0.125,False
TCGAGGCAGATGCCTT-1,0.041,False
TCGAGGCAGTTGCAGG-1,0.125,False
TCGAGGCCAAAGCGGT-1,0.071,False
TCGAGGCCATTGAGCT-1,0.045,False
TCGAGGCGTCAAAGCG-1,0.098,False
TCGAGGCGTCTAGTGT-1,0.11,False
TCGAGGCTCAAGGTAA-1,0.104,False
TCGAGGCTCGGATGTT-1,0.079,False
TCGCGAGGTCGCATCG-1,0.176,False
TCGCGTTAGATACACA-1,0.093,False
TCGCGTTAGCACGCCT-1,0.058,False
TCGCGTTCAACACGCC-1,0.058,False
TCGCGTTCATGTCGAT-1,0.067,False
TCGCGTTGTCTCATCC-1,0.079,False
TCGCGTTTCGGCGGTT-1,0.067,False
TCGGGACAGGTGATAT-1,0.247,False
TCGGGACCAAGGTGTG-1,0.071,False
TCGGGACGTCACCTAA-1,0.045,False
TCGGGACGTTGTCTTT-1,0.035,False
TCGGTAACAGTAAGCG-1,0.052,False
TCGGTAATCTTGTCAT-1,0.226,False
TCGTACCAGAAGCCCA-1,0.041,False
TCGTACCAGGACAGCT-1,0.098,False
TCGTACCAGGGTCTCC-1,0.05,False
TCGTACCCACACAGAG-1,0.014,False
TCGTACCCAGTCCTTC-1,0.071,False
TCGTACCGTAAGTAGT-1,0.035,False
TCGTACCGTAGCGTGA-1,0.133,False
TCGTACCTCACGCGGT-1,0.093,False
TCGTACCTCATGTCTT-1,0.164,False
TCGTACCTCCTGCTTG-1,0.133,False
TCGTAGACAAGTTAAG-1,0.385,False
TCGTAGACATCACGTA-1,0.152,False
TCGTAGAGTTATTCTC-1,0.045,False
TCGTAGATCGTGACAT-1,0.088,False
TCTATTGAGGGTCGAT-1,0.093,False
TCTATTGAGTCAATAG-1,0.088,False
TCTATTGCACATTTCT-1,0.226,False
TCTATTGCATTCTCAT-1,0.079,False
TCTATTGGTGAAAGAG-1,0.11,False
TCTATTGTCACATACG-1,0.117,False
TCTATTGTCGTTGACA-1,0.098,False
TCTCATAAGAAACCTA-1,0.022,False
TCTCATAAGAACAACT-1,0.117,False
TCTCATAAGATGAGAG-1,0.083,False
TCTCATAAGTAACCCT-1,0.075,False
TCTCATAGTACTCTCC-1,0.041,False
TCTCTAATCAGTCAGT-1,0.098,False
TCTCTAATCATAAAGG-1,0.043,False
TCTCTAATCATGTCTT-1,0.035,False
TCTGAGAAGCTGCAAG-1,0.142,False
TCTGAGAAGGTCATCT-1,0.061,False
TCTGAGACACGACTCG-1,0.142,False
TCTGAGAGTACAAGTA-1,0.247,False
TCTGAGAGTATGGTTC-1,0.207,False
TCTGAGATCTACTTAC-1,0.039,False
TCTGGAAAGTGGTCCC-1,0.098,False
TCTGGAAAGTTGTAGA-1,0.247,False
TCTGGAACATTATCTC-1,0.079,False
TCTGGAAGTACACCGC-1,0.104,False
TCTGGAAGTGAGCGAT-1,0.176,False
TCTGGAATCCTGCTTG-1,0.098,False
TCTGGAATCGTCCGTT-1,0.058,False
TCTGGAATCTGTACGA-1,0.226,False
TCTTCGGGTTGACGTT-1,0.043,False
TCTTCGGTCATTGCGA-1,0.079,False
TCTTTCCAGAGTGACC-1,0.061,False
TCTTTCCAGGTGACCA-1,0.067,False
TCTTTCCAGGTGCACA-1,0.247,False
TCTTTCCAGTCAATAG-1,0.079,False
TCTTTCCCAAGCGCTC-1,0.032,False
TCTTTCCCAAGTTCTG-1,0.247,False
TCTTTCCCACCACCAG-1,0.023,False
TCTTTCCGTATCAGTC-1,0.273,False
TCTTTCCTCGGAAATA-1,0.152,False
TGAAAGAGTTAGAACA-1,0.039,False
TGAAAGAGTTCTCATT-1,0.125,False
TGAAAGATCAAACGGG-1,0.055,False
TGAAAGATCGAACTGT-1,0.093,False
TGACAACAGGGTTCCC-1,0.043,False
TGACAACAGTTCGCAT-1,0.133,False
TGACAACCAATCAGAA-1,0.075,False
TGACAACCATAGAAAC-1,0.176,False
TGACAACGTTGTCGCG-1,0.047,False
TGACAACGTTTACTCT-1,0.064,False
TGACAACTCCCTAACC-1,0.041,False
TGACAACTCGGCCGAT-1,0.152,False
TGACAACTCTGTCTCG-1,0.05,False
TGACAACTCTTGTCAT-1,0.027,False
TGACGGCAGAGAGCTC-1,0.088,False
TGACGGCAGCTAGGCA-1,0.207,False
TGACGGCCAAGCGATG-1,0.11,False
TGACGGCCAGGTCGTC-1,0.083,False
TGACGGCCATATGCTG-1,0.152,False
TGACGGCTCATATCGG-1,0.035,False
TGACGGCTCATTCACT-1,0.079,False
TGACGGCTCATTTGGG-1,0.033,False
TGACGGCTCCTTTCGG-1,0.027,False
TGACTAGAGAAGCCCA-1,0.164,False
TGACTAGAGAGTGAGA-1,0.05,False
TGACTAGAGATTACCC-1,0.071,False
TGACTAGCACAGGTTT-1,0.041,False
TGACTAGGTCTCTTTA-1,0.067,False
TGACTAGTCTATGTGG-1,0.019,False
TGACTTTAGAGCCCAA-1,0.064,False
TGACTTTAGTCCAGGA-1,0.093,False
TGACTTTCAAATCCGT-1,0.067,False
TGACTTTCACGGTAAG-1,0.083,False
TGACTTTGTCATATGC-1,0.226,False
TGACTTTGTGATAAGT-1,0.03,False
TGACTTTGTTCTGTTT-1,0.088,False
TGACTTTTCGACAGCC-1,0.098,False
TGAGAGGAGGATGTAT-1,0.104,False
TGAGAGGCAAGCCGCT-1,0.071,False
TGAGAGGGTAATAGCA-1,0.104,False
TGAGAGGGTTATTCTC-1,0.071,False
TGAGAGGTCAGCCTAA-1,0.176,False
TGAGAGGTCCTAAGTG-1,0.152,False
TGAGAGGTCCTATTCA-1,0.247,False
TGAGCATAGACTTGAA-1,0.176,False
TGAGCATAGTGCTGCC-1,0.142,False
TGAGCATCAAGTAGTA-1,0.058,False
TGAGCATGTCAATACC-1,0.34,False
TGAGCATTCATCGATG-1,0.075,False
TGAGCCGAGCAGCGTA-1,0.035,False
TGAGCCGCACAAGACG-1,0.032,False
TGAGCCGTCCGAACGC-1,0.043,False
TGAGCCGTCGTTACGA-1,0.052,False
TGAGGGAAGAGTACCG-1,0.088,False
TGAGGGAAGCGACGTA-1,0.11,False
TGAGGGAAGTTCCACA-1,0.047,False
TGAGGGAGTGCCTGCA-1,0.045,False
TGATTTCCAATGTAAG-1,0.067,False
TGATTTCGTCTCGTTC-1,0.226,False
TGATTTCTCGCACTCT-1,0.067,False
TGCACCTAGATACACA-1,0.142,False
TGCACCTCATGCCCGA-1,0.061,False
TGCACCTGTATTAGCC-1,0.088,False
TGCACCTGTCTCACCT-1,0.041,False
TGCACCTGTGATAAAC-1,0.047,False
TGCACCTGTTGGAGGT-1,0.098,False
TGCACCTTCCTTAATC-1,0.064,False
TGCACCTTCTGACCTC-1,0.024,False
TGCCAAAAGTGACTCT-1,0.075,False
TGCCAAAAGTGTTGAA-1,0.083,False
TGCCAAACACCAGGTC-1,0.226,False
TGCCAAACACTAGTAC-1,0.075,False
TGCCAAACATTCTTAC-1,0.035,False
TGCCAAATCAGTCCCT-1,0.11,False
TGCCAAATCATCGCTC-1,0.273,False
TGCCCATAGGGTATCG-1,0.083,False
TGCCCATAGGTGATTA-1,0.125,False
TGCCCATTCCGCGGTA-1,0.05,False
TGCCCATTCGCCCTTA-1,0.152,False
TGCCCTACAATAGAGT-1,0.047,False
TGCCCTAGTGATGTCT-1,0.083,False
TGCCCTATCAAAGACA-1,0.05,False
TGCGCAGAGAACTCGG-1,0.05,False
TGCGCAGAGACAGAGA-1,0.075,False
TGCGCAGAGTAGGCCA-1,0.064,False
TGCGCAGGTGTTAAGA-1,0.05,False
TGCGCAGTCCACGCAG-1,0.11,False
TGCGGGTAGGAGTCTG-1,0.083,False
TGCGGGTCAAGGGTCA-1,0.176,False
TGCGGGTCAATGGTCT-1,0.088,False
TGCGGGTCAGTAAGCG-1,0.088,False
TGCGGGTCATGAAGTA-1,0.075,False
TGCGGGTTCATCGATG-1,0.125,False
TGCGGGTTCGCATGGC-1,0.142,False
TGCGTGGGTAAATGAC-1,0.273,False
TGCGTGGTCGTTTATC-1,0.104,False
TGCTACCAGAGTCGGT-1,0.047,False
TGCTACCAGCCAGTTT-1,0.079,False
TGCTACCAGGAATTAC-1,0.041,False
TGCTACCGTCTAAACC-1,0.117,False
TGCTACCGTTGTCTTT-1,0.34,False
TGCTACCTCAGGCGAA-1,0.088,False
TGCTACCTCTCAAACG-1,0.11,False
TGCTACCTCTCGTATT-1,0.117,False
TGCTGCTAGTGGGTTG-1,0.125,False
TGCTGCTCAATCGAAA-1,0.104,False
TGCTGCTCATGTAGTC-1,0.164,False
TGCTGCTGTCTTCAAG-1,0.273,False
TGCTGCTGTGAGGCTA-1,0.098,False
TGCTGCTTCACGACTA-1,0.207,False
TGCTGCTTCACTATTC-1,0.117,False
TGGACGCGTCGCATCG-1,0.152,False
TGGACGCGTGTAACGG-1,0.517,True
TGGCGCAAGATGTGTA-1,0.098,False
TGGCGCAAGGCCATAG-1,0.058,False
TGGCGCAAGGCTAGCA-1,0.043,False
TGGCGCAGTACCGCTG-1,0.037,False
TGGCGCAGTTAAGACA-1,0.055,False
TGGCGCAGTTTGGGCC-1,0.142,False
TGGCGCATCCGAACGC-1,0.045,False
TGGCGCATCGCAAGCC-1,0.071,False
TGGCTGGAGATAGTCA-1,0.104,False
TGGCTGGAGGCCCTCA-1,0.142,False
TGGCTGGAGGGTGTTG-1,0.045,False
TGGCTGGCAAAGCGGT-1,0.058,False
TGGCTGGCAATCGAAA-1,0.273,False
TGGCTGGCACTGTGTA-1,0.064,False
TGGCTGGCATCAGTCA-1,0.152,False
TGGCTGGCATGAAGTA-1,0.079,False
TGGCTGGGTAAAGGAG-1,0.191,False
TGGCTGGGTAAGTAGT-1,0.142,False
TGGCTGGGTAGCGATG-1,0.093,False
TGGCTGGGTCAACATC-1,0.058,False
TGGCTGGGTCACCCAG-1,0.05,False
TGGCTGGGTCCAGTTA-1,0.039,False
TGGCTGGGTTACTGAC-1,0.067,False
TGGCTGGTCATGCATG-1,0.176,False
TGGCTGGTCCTTCAAT-1,0.164,False
TGGGAAGAGGAATTAC-1,0.088,False
TGGGAAGCATGGTCAT-1,0.012,False
TGGGAAGTCAGGTAAA-1,0.104,False
TGGGCGTAGCCAGTAG-1,0.442,False
TGGGCGTGTCTACCTC-1,0.098,False
TGGGCGTGTTTCCACC-1,0.133,False
TGGGCGTTCACATACG-1,0.152,False
TGGGCGTTCCGAATGT-1,0.079,False
TGGGCGTTCGCCCTTA-1,0.088,False
TGGTTAGAGACTGTAA-1,0.093,False
TGGTTAGCAAACGCGA-1,0.017,False
TGGTTAGGTCGGATCC-1,0.075,False
TGGTTAGGTTCACCTC-1,0.142,False
TGGTTAGGTTCAGTAC-1,0.207,False
TGGTTAGTCGAACGGA-1,0.152,False
TGGTTAGTCGGAGCAA-1,0.098,False
TGGTTCCAGAGTACAT-1,0.226,False
TGGTTCCAGTCCGTAT-1,0.088,False
TGGTTCCAGTCGTACT-1,0.023,False
TGGTTCCCATCTGGTA-1,0.032,False
TGGTTCCGTAAACCTC-1,0.015,False
TGGTTCCGTACGCTGC-1,0.104,False
TGGTTCCTCAGTTGAC-1,0.061,False
TGTATTCAGTACATGA-1,0.047,False
TGTATTCCAAGTCATC-1,0.05,False
TGTATTCCAATTCCTT-1,0.164,False
TGTATTCCATACTACG-1,0.117,False
TGTATTCGTACCAGTT-1,0.061,False
TGTATTCTCACTATTC-1,0.064,False
TGTCCCAAGCCAACAG-1,0.026,False
TGTCCCAAGCTCTCGG-1,0.061,False
TGTCCCACAAGCGCTC-1,0.061,False
TGTCCCACAATAACGA-1,0.043,False
TGTCCCACAGTATAAG-1,0.067,False
TGTCCCAGTAATCACC-1,0.191,False
TGTCCCATCACAATGC-1,0.125,False
TGTCCCATCTGTCAAG-1,0.133,False
TGTGGTAAGTGTACGG-1,0.207,False
TGTGGTATCAGGTTCA-1,0.226,False
TGTGGTATCTACCAGA-1,0.104,False
TGTGTTTAGAACTCGG-1,0.047,False
TGTGTTTCAAGTAATG-1,0.064,False
TGTGTTTCACTTCTGC-1,0.098,False
TGTGTTTCAGCATGAG-1,0.079,False
TGTGTTTCATGTTCCC-1,0.041,False
TGTGTTTGTTCGTCTC-1,0.176,False
TGTTCCGCAAGTTGTC-1,0.34,False
TGTTCCGGTAAGTAGT-1,0.152,False
TGTTCCGGTACGACCC-1,0.064,False
TGTTCCGGTGACTCAT-1,0.088,False
TGTTCCGTCCGCGCAA-1,0.088,False
TTAACTCTCCCAAGTA-1,0.045,False
TTAGGACCACAACGTT-1,0.098,False
TTAGGACGTACGAAAT-1,0.061,False
TTAGGACGTCGCATAT-1,0.052,False
TTAGGACTCCTACAGA-1,0.125,False
TTAGGCACACAGCGTC-1,0.071,False
TTAGGCAGTAAGAGGA-1,0.176,False
TTAGGCATCGTCACGG-1,0.055,False
TTAGTTCAGAGGGATA-1,0.083,False
TTAGTTCAGGCTCATT-1,0.088,False
TTAGTTCCATTGGGCC-1,0.098,False
TTAGTTCTCCTATTCA-1,0.058,False
TTAGTTCTCTTCATGT-1,0.064,False
TTATGCTAGGCGACAT-1,0.047,False
TTATGCTGTCGGGTCT-1,0.083,False
TTATGCTGTCTTTCAT-1,0.11,False
TTATGCTGTTATCACG-1,0.064,False
TTCCCAGAGATAGGAG-1,0.093,False
TTCCCAGAGGTAGCCA-1,0.079,False
TTCCCAGCAGGTGCCT-1,0.093,False
TTCCCAGGTCCTGCTT-1,0.207,False
TTCCCAGGTCGCATCG-1,0.067,False
TTCCCAGGTGGAAAGA-1,0.164,False
TTCCCAGGTTTAGGAA-1,0.023,False
TTCCCAGTCTACTTAC-1,0.191,False
TTCCCAGTCTCCGGTT-1,0.176,False
TTCGAAGTCACAACGT-1,0.088,False
TTCGAAGTCACAGGCC-1,0.052,False
TTCGAAGTCCACGCAG-1,0.176,False
TTCGAAGTCCAGAGGA-1,0.273,False
TTCGGTCAGCGTTGCC-1,0.083,False
TTCGGTCAGTGGTAGC-1,0.071,False
TTCGGTCCAGACGTAG-1,0.043,False
TTCGGTCTCTTGAGAC-1,0.055,False
TTCTACAAGAAGGACA-1,0.125,False
TTCTACAAGATGCCTT-1,0.273,False
TTCTACAAGCAATATG-1,0.039,False
TTCTACACACCACGTG-1,0.041,False
TTCTACACACGGCCAT-1,0.104,False
TTCTACATCAACGCTA-1,0.176,False
TTCTACATCTTGCAAG-1,0.303,False
TTCTCAACAAGCCGCT-1,0.064,False
TTCTCAACACAACTGT-1,0.104,False
TTCTCAAGTGAAGGCT-1,0.164,False
TTCTCAATCGCTTGTC-1,0.061,False
TTCTCCTAGCAGCGTA-1,0.047,False
TTCTCCTAGCTGCAAG-1,0.075,False
TTCTCCTCAGATCCAT-1,0.098,False
TTCTCCTCAGTAAGAT-1,0.117,False
TTCTTAGGTAGCGTGA-1,0.093,False
TTCTTAGTCTGTACGA-1,0.058,False
TTGAACGGTCGCCATG-1,0.152,False
TTGAACGTCACTTACT-1,0.024,False
TTGACTTAGATCGGGT-1,0.152,False
TTGACTTAGATGCCTT-1,0.088,False
TTGACTTAGTATGACA-1,0.055,False
TTGACTTCAAGTAGTA-1,0.075,False
TTGACTTCACCCATTC-1,0.303,False
TTGACTTTCATGCAAC-1,0.083,False
TTGCCGTTCACGCGGT-1,0.083,False
TTGCGTCAGCTGAAAT-1,0.093,False
TTGCGTCAGTCGATAA-1,0.039,False
TTGCGTCTCACGAAGG-1,0.05,False
TTGCGTCTCCCTAACC-1,0.032,False
TTGCGTCTCTCAACTT-1,0.088,False
TTGGAACAGAACTCGG-1,0.075,False
TTGGAACAGAATTGTG-1,0.104,False
TTGGAACTCTTGCAAG-1,0.125,False
TTGGCAAGTCCGCTGA-1,0.028,False
TTGGCAAGTCGAATCT-1,0.207,False
TTGGCAATCAACGGCC-1,0.117,False
TTGGCAATCGGATGGA-1,0.104,False
TTGTAGGAGAATTCCC-1,0.098,False
TTGTAGGAGGCTAGCA-1,0.05,False
TTGTAGGCATAGACTC-1,0.037,False
TTTACTGCACGGCCAT-1,0.052,False
TTTACTGGTAGAAAGG-1,0.071,False
TTTACTGGTCGCGTGT-1,0.05,False
TTTACTGTCCTTTCGG-1,0.142,False
TTTACTGTCTCTAAGG-1,0.079,False
TTTATGCAGTGTACTC-1,0.104,False
TTTATGCAGTTTAGGA-1,0.125,False
TTTATGCGTTCCACAA-1,0.226,False
TTTCCTCAGGTCGGAT-1,0.032,False
TTTCCTCAGTGATCGG-1,0.093,False
TTTCCTCGTAGTGAAT-1,0.075,False
TTTCCTCGTGGTAACG-1,0.064,False
TTTGCGCAGCGTGAAC-1,0.117,False
TTTGCGCCAGACTCGC-1,0.045,False
TTTGCGCGTCACCCAG-1,0.088,False
TTTGCGCGTTCAGGCC-1,0.061,False
TTTGCGCTCTGTTGAG-1,0.03,False
TTTGGTTAGAAACGCC-1,0.098,False
TTTGGTTAGACTGTAA-1,0.019,False
TTTGGTTAGGCTAGGT-1,0.035,False
TTTGGTTCAGATAATG-1,0.075,False
TTTGGTTGTATGAATG-1,0.079,False
TTTGTCAAGACTACAA-1,0.117,False
TTTGTCACACAGATTC-1,0.226,False
TTTGTCACAGACGTAG-1,0.117,False
TTTGTCAGTCCCGACA-1,0.055,False
TTTGTCATCGGTCTAA-1,0.035,False
TTTGTCATCTTAGAGC-1,0.075,False
TTTGTCATCTTGTTTG-1,0.047,False
